country,hs_code,year,partner_country,import_value_usd
JPN,090111,2024,World,680000000
JPN,090111,2024,Brazil,210000000
JPN,090111,2024,Colombia,135000000
JPN,090111,2024,Vietnam,95000000
JPN,090111,2024,Ethiopia,65000000
JPN,090111,2024,Guatemala,48000000
JPN,090111,2024,Indonesia,35000000
JPN,090111,2024,Honduras,28000000
JPN,090111,2024,Tanzania,18000000
JPN,090111,2024,Kenya,12000000
JPN,090111,2024,Peru,9000000
JPN,090111,2023,World,660000000
JPN,090111,2022,World,630000000
JPN,090111,2021,World,580000000
JPN,090111,2020,World,520000000
USA,090111,2024,World,5800000000
USA,090111,2024,Brazil,1580000000
USA,090111,2024,Colombia,1100000000
USA,090111,2024,Vietnam,480000000
USA,090111,2024,Guatemala,380000000
USA,090111,2024,Honduras,320000000
USA,090111,2024,Nicaragua,240000000
USA,090111,2024,Peru,220000000
USA,090111,2024,Indonesia,195000000
USA,090111,2024,Mexico,180000000
USA,090111,2024,Ethiopia,150000000
USA,090111,2023,World,5550000000
USA,090111,2022,World,5900000000
USA,090111,2021,World,5100000000
USA,090111,2020,World,4400000000
JPN,950300,2020,World,2049643785.119
JPN,950300,2021,World,2417956371.862
JPN,950300,2022,World,2759361399.331
JPN,950300,2023,World,2674712609.125
JPN,950300,2024,World,2760028751.299
USA,950300,2020,World,14361029188
USA,950300,2021,World,19680481161
USA,950300,2022,World,22153371335
USA,950300,2023,World,16859964089
USA,950300,2024,World,18907308875
DEU,950300,2020,World,33680.921
DEU,950300,2020,World,25957105.065
DEU,950300,2020,World,152794335.171
DEU,950300,2020,World,181270.908
DEU,950300,2020,World,32315.447
DEU,950300,2020,World,5997753.183
DEU,950300,2020,World,8502.501
DEU,950300,2020,World,855955524.288
DEU,950300,2020,World,421583.982
DEU,950300,2020,World,37.708
DEU,950300,2020,World,1941.372
DEU,950300,2020,World,20256233.271
DEU,950300,2020,World,178.254
DEU,950300,2020,World,305513580.718
DEU,950300,2020,World,1053350.347
DEU,950300,2020,World,174.826
DEU,950300,2020,World,51544.058
DEU,950300,2020,World,3417.683
DEU,950300,2020,World,24425.409
DEU,950300,2020,World,10203.916
DEU,950300,2020,World,51812334.372
DEU,950300,2020,World,95852726.547
DEU,950300,2020,World,14.855
DEU,950300,2020,World,90522452.292
DEU,950300,2020,World,10525772.263
DEU,950300,2020,World,2492793.788
DEU,950300,2020,World,2022052.756
DEU,950300,2020,World,3068595.161
DEU,950300,2020,World,30629155.903
DEU,950300,2020,World,9744650.507
DEU,950300,2020,World,4029.004
DEU,950300,2020,World,1607.717
DEU,950300,2020,World,5.713
DEU,950300,2020,World,4009.579
DEU,950300,2020,World,146.26
DEU,950300,2020,World,316773.883
DEU,950300,2020,World,65283364.677
DEU,950300,2020,World,284.521
DEU,950300,2020,World,1443499.869
DEU,950300,2020,World,21962941.607
DEU,950300,2020,World,83363.593
DEU,950300,2020,World,46036.458
DEU,950300,2020,World,90622.885
DEU,950300,2020,World,262.811
DEU,950300,2020,World,303276976.062
DEU,950300,2020,World,17143994.374
DEU,950300,2020,World,49615440.431
DEU,950300,2020,World,358026.041
DEU,950300,2020,World,90205400.744
DEU,950300,2020,World,52350.773
DEU,950300,2020,World,401.072
DEU,950300,2020,World,270.809
DEU,950300,2020,World,995285.153
DEU,950300,2020,World,151402569.04
DEU,950300,2020,World,13.712
DEU,950300,2020,World,277267.703
DEU,950300,2020,World,11825.344
DEU,950300,2020,World,4.571
DEU,950300,2020,World,481060.356
DEU,950300,2020,World,120184.532
DEU,950300,2020,World,780893.225
DEU,950300,2020,World,1066252.073
DEU,950300,2020,World,163383.775
DEU,950300,2020,World,27.424
DEU,950300,2020,World,761.009
DEU,950300,2020,World,2679912.809
DEU,950300,2020,World,21119334.864
DEU,950300,2020,World,227659.304
DEU,950300,2020,World,65419.327
DEU,950300,2020,World,874.132
DEU,950300,2020,World,545.047
DEU,950300,2020,World,853203698.44
DEU,950300,2020,World,20642474.911
DEU,950300,2020,World,1201146.013
DEU,950300,2020,World,1412841.273
DEU,950300,2020,World,992134.851
DEU,950300,2020,World,1044.387
DEU,950300,2020,World,3833626.038
DEU,950300,2020,World,514.195
DEU,950300,2020,World,210057.834
DEU,950300,2020,World,720121.079
DEU,950300,2020,World,4049.572
DEU,950300,2020,World,3729278.715
DEU,950300,2020,World,706555.47
DEU,950300,2020,World,301.661
DEU,950300,2020,World,83979244.389
DEU,950300,2020,World,11239407.628
DEU,950300,2020,World,6222662.114
DEU,950300,2020,World,26761014.805
DEU,950300,2020,World,3448952537.633
DEU,950300,2020,World,2344.73
DEU,950300,2020,World,468.489
DEU,950300,2020,World,9668146.277
DEU,950300,2020,World,78.843
DEU,950300,2020,World,294.805
DEU,950300,2020,World,4177.549
DEU,950300,2020,World,788.432
DEU,950300,2020,World,36.565
DEU,950300,2020,World,940.406
DEU,950300,2020,World,475.345
DEU,950300,2020,World,4.571
DEU,950300,2020,World,99830.405
DEU,950300,2020,World,628.461
DEU,950300,2020,World,12055.018
DEU,950300,2020,World,60.561
DEU,950300,2020,World,151.973
DEU,950300,2020,World,16846.174
DEU,950300,2020,World,2878032.176
DEU,950300,2020,World,538.191
DEU,950300,2020,World,1728.838
DEU,950300,2020,World,3372123.378
DEU,950300,2020,World,209.106
DEU,950300,2020,World,17913.414
DEU,950300,2020,World,55819.876
DEU,950300,2020,World,2817.789
DEU,950300,2020,World,628505.226
DEU,950300,2020,World,7815515.088
DEU,950300,2020,World,723.301
DEU,950300,2020,World,957.546
DEU,950300,2020,World,173.684
DEU,950300,2020,World,79076.349
DEU,950300,2020,World,538.191
DEU,950300,2020,World,390.788
DEU,950300,2020,World,12206676.004
DEU,950300,2020,World,5939.525
DEU,950300,2020,World,6480.001
DEU,950300,2020,World,51.42
DEU,950300,2020,World,1053.529
DEU,950300,2020,World,662.74
DEU,950300,2020,World,11399.134
DEU,950300,2020,World,2552670.092
DEU,950300,2020,World,266888.961
DEU,950300,2020,World,10.284
DEU,950300,2020,World,126591.403
DEU,950300,2020,World,759.866
DEU,950300,2021,World,34.245
DEU,950300,2021,World,62220827.295
DEU,950300,2021,World,440.458
DEU,950300,2021,World,4526.205
DEU,950300,2021,World,523.117
DEU,950300,2021,World,7.085
DEU,950300,2021,World,512.49
DEU,950300,2021,World,353.075
DEU,950300,2021,World,559.724
DEU,950300,2021,World,5152186.253
DEU,950300,2021,World,4337.269
DEU,950300,2021,World,31.883
DEU,950300,2021,World,172.404
DEU,950300,2021,World,3146.97
DEU,950300,2021,World,949.405
DEU,950300,2021,World,37.787
DEU,950300,2021,World,1056.862
DEU,950300,2021,World,20.074
DEU,950300,2021,World,13260.966
DEU,950300,2021,World,132.255
DEU,950300,2021,World,9459.804
DEU,950300,2021,World,36.606
DEU,950300,2021,World,2778.544
DEU,950300,2021,World,2535449.389
DEU,950300,2021,World,31158851.597
DEU,950300,2021,World,11.809
DEU,950300,2021,World,122103.618
DEU,950300,2021,World,67.309
DEU,950300,2021,World,219.638
DEU,950300,2021,World,2708.874
DEU,950300,2021,World,41.33
DEU,950300,2021,World,100.372
DEU,950300,2021,World,4260369.194
DEU,950300,2021,World,49.596
DEU,950300,2021,World,42.511
DEU,950300,2021,World,7060.313
DEU,950300,2021,World,29200.103
DEU,950300,2021,World,401.49
DEU,950300,2021,World,244276.906
DEU,950300,2021,World,4850.939
DEU,950300,2021,World,361.341
DEU,950300,2021,World,3623225.26
DEU,950300,2021,World,358.979
DEU,950300,2021,World,99.192
DEU,950300,2021,World,13658988.229
DEU,950300,2021,World,1.181
DEU,950300,2021,World,20.074
DEU,950300,2021,World,18.894
DEU,950300,2021,World,28.34
DEU,950300,2021,World,47.234
DEU,950300,2021,World,79.117
DEU,950300,2021,World,191.298
DEU,950300,2021,World,149.968
DEU,950300,2021,World,6892.632
DEU,950300,2021,World,745093.862
DEU,950300,2021,World,34471.425
DEU,950300,2021,World,7.085
DEU,950300,2021,World,75723.302
DEU,950300,2021,World,276896.755
DEU,950300,2021,World,65803721.743
DEU,950300,2021,World,3014874.035
DEU,950300,2021,World,10316475.057
DEU,950300,2021,World,3410524.331
DEU,950300,2021,World,104235132.493
DEU,950300,2021,World,2185.757
DEU,950300,2021,World,53187.926
DEU,950300,2021,World,68.489
DEU,950300,2021,World,2613.225
DEU,950300,2021,World,397.947
DEU,950300,2021,World,1094988.514
DEU,950300,2021,World,527.841
DEU,950300,2021,World,2836.406
DEU,950300,2021,World,331.819
DEU,950300,2021,World,1440423.088
DEU,950300,2021,World,69800.149
DEU,950300,2021,World,303650.134
DEU,950300,2021,World,5331.546
DEU,950300,2021,World,1698.065
DEU,950300,2021,World,8145280.658
DEU,950300,2021,World,9365387.504
DEU,950300,2021,World,15.351
DEU,950300,2021,World,521840.842
DEU,950300,2021,World,32808420.069
DEU,950300,2021,World,977340102.35
DEU,950300,2021,World,777629.872
DEU,950300,2021,World,84823833.78
DEU,950300,2021,World,119.266
DEU,950300,2021,World,772.277
DEU,950300,2021,World,32779.265
DEU,950300,2021,World,5195.748
DEU,950300,2021,World,419621959.804
DEU,950300,2021,World,60942874.062
DEU,950300,2021,World,17346912.359
DEU,950300,2021,World,2348623.285
DEU,950300,2021,World,1142819074.963
DEU,950300,2021,World,53209.182
DEU,950300,2021,World,1334579.799
DEU,950300,2021,World,4827499.245
DEU,950300,2021,World,1649.65
DEU,950300,2021,World,36088.012
DEU,950300,2021,World,297004.3
DEU,950300,2021,World,1180941.535
DEU,950300,2021,World,1029.703
DEU,950300,2021,World,162573.77
DEU,950300,2021,World,62109.262
DEU,950300,2021,World,1453942.66
DEU,950300,2021,World,784.086
DEU,950300,2021,World,7656549.719
DEU,950300,2021,World,5550886.69
DEU,950300,2021,World,9340365.255
DEU,950300,2021,World,11631257.876
DEU,950300,2021,World,147806451.001
DEU,950300,2021,World,3169976.556
DEU,950300,2021,World,136891868.608
DEU,950300,2021,World,62.585
DEU,950300,2021,World,2090.108
DEU,950300,2021,World,405179716.125
DEU,950300,2021,World,3352.438
DEU,950300,2021,World,60961.474
DEU,950300,2021,World,1034.426
DEU,950300,2021,World,12.989
DEU,950300,2021,World,38182.843
DEU,950300,2021,World,109693546.68
DEU,950300,2021,World,1363.884
DEU,950300,2021,World,424303.665
DEU,950300,2021,World,364393.15
DEU,950300,2021,World,22.436
DEU,950300,2021,World,27086110.306
DEU,950300,2021,World,433237.99
DEU,950300,2021,World,1930594.666
DEU,950300,2021,World,38389449.182
DEU,950300,2021,World,603.415
DEU,950300,2021,World,172265.021
DEU,950300,2021,World,35857859.998
DEU,950300,2021,World,3183315.458
DEU,950300,2021,World,1440.639
DEU,950300,2021,World,20856.204
DEU,950300,2021,World,181064.728
DEU,950300,2021,World,1187248.464
DEU,950300,2021,World,399.128
DEU,950300,2021,World,23.617
DEU,950300,2021,World,17531403.919
DEU,950300,2021,World,364794.639
DEU,950300,2021,World,136998943.525
DEU,950300,2021,World,36097337.922
DEU,950300,2021,World,7001447.391
DEU,950300,2021,World,4224529645.873
DEU,950300,2022,World,612.033
DEU,950300,2022,World,4006.806
DEU,950300,2022,World,54821984.513
DEU,950300,2022,World,821.692
DEU,950300,2022,World,175.774
DEU,950300,2022,World,848778.851
DEU,950300,2022,World,12162088.462
DEU,950300,2022,World,705910.397
DEU,950300,2022,World,4867332.65
DEU,950300,2022,World,14648476.47
DEU,950300,2022,World,18404.41
DEU,950300,2022,World,325.076
DEU,950300,2022,World,2689.558
DEU,950300,2022,World,577.09
DEU,950300,2022,World,1535.377
DEU,950300,2022,World,205.423
DEU,950300,2022,World,63.533
DEU,950300,2022,World,2286796.36
DEU,950300,2022,World,110578.938
DEU,950300,2022,World,1088809.161
DEU,950300,2022,World,1663.502
DEU,950300,2022,World,2418.484
DEU,950300,2022,World,9667.583
DEU,950300,2022,World,10710788.35
DEU,950300,2022,World,118747786.939
DEU,950300,2022,World,21461.399
DEU,950300,2022,World,7000812.579
DEU,950300,2022,World,28535902.375
DEU,950300,2022,World,28994344.882
DEU,950300,2022,World,393455104.72
DEU,950300,2022,World,16271179.759
DEU,950300,2022,World,265.779
DEU,950300,2022,World,46.591
DEU,950300,2022,World,350368.882
DEU,950300,2022,World,1334.19
DEU,950300,2022,World,36035.836
DEU,950300,2022,World,112.241
DEU,950300,2022,World,540.029
DEU,950300,2022,World,1191.241
DEU,950300,2022,World,41352.478
DEU,950300,2022,World,9.53
DEU,950300,2022,World,374075.109
DEU,950300,2022,World,126901805.582
DEU,950300,2022,World,8812286.81
DEU,950300,2022,World,747.57
DEU,950300,2022,World,385.433
DEU,950300,2022,World,29.649
DEU,950300,2022,World,1812815.834
DEU,950300,2022,World,77951.639
DEU,950300,2022,World,1164147.482
DEU,950300,2022,World,572.855
DEU,950300,2022,World,553.795
DEU,950300,2022,World,117996.399
DEU,950300,2022,World,135847.014
DEU,950300,2022,World,2.118
DEU,950300,2022,World,569072.271
DEU,950300,2022,World,5.294
DEU,950300,2022,World,27115839.251
DEU,950300,2022,World,1867.866
DEU,950300,2022,World,3626.667
DEU,950300,2022,World,41992.042
DEU,950300,2022,World,596302.454
DEU,950300,2022,World,11747.225
DEU,950300,2022,World,928432489.385
DEU,950300,2022,World,18609.833
DEU,950300,2022,World,271.074
DEU,950300,2022,World,85118471.301
DEU,950300,2022,World,6561.885
DEU,950300,2022,World,17500023.808
DEU,950300,2022,World,10004.307
DEU,950300,2022,World,21.178
DEU,950300,2022,World,11283867.427
DEU,950300,2022,World,73020.43
DEU,950300,2022,World,3017.811
DEU,950300,2022,World,27830803.08
DEU,950300,2022,World,450.024
DEU,950300,2022,World,10.589
DEU,950300,2022,World,99415.156
DEU,950300,2022,World,63400.497
DEU,950300,2022,World,4146411315.525
DEU,950300,2022,World,761067.506
DEU,950300,2022,World,32628.358
DEU,950300,2022,World,1296193.113
DEU,950300,2022,World,977481.595
DEU,950300,2022,World,290391.747
DEU,950300,2022,World,5780864.188
DEU,950300,2022,World,34312266.319
DEU,950300,2022,World,35185881.223
DEU,950300,2022,World,67836.149
DEU,950300,2022,World,2114012.403
DEU,950300,2022,World,20.119
DEU,950300,2022,World,1293352.135
DEU,950300,2022,World,1198.653
DEU,950300,2022,World,433299.379
DEU,950300,2022,World,7465.111
DEU,950300,2022,World,507.204
DEU,950300,2022,World,14.824
DEU,950300,2022,World,93036216.544
DEU,950300,2022,World,98010324.631
DEU,950300,2022,World,7560254.328
DEU,950300,2022,World,63.533
DEU,950300,2022,World,2735309.741
DEU,950300,2022,World,5.294
DEU,950300,2022,World,2327973.064
DEU,950300,2022,World,25575849.388
DEU,950300,2022,World,595.091
DEU,950300,2022,World,1656.09
DEU,950300,2022,World,285.898
DEU,950300,2022,World,304.958
DEU,950300,2022,World,4.236
DEU,950300,2022,World,796.278
DEU,950300,2022,World,4771619.342
DEU,950300,2022,World,393789217.662
DEU,950300,2022,World,1234826828.066
DEU,950300,2022,World,212183.859
DEU,950300,2022,World,10994755.866
DEU,950300,2022,World,75268.435
DEU,950300,2022,World,78.357
DEU,950300,2022,World,139.772
DEU,950300,2022,World,18.001
DEU,950300,2022,World,768.748
DEU,950300,2022,World,69.886
DEU,950300,2022,World,110475.167
DEU,950300,2022,World,338.842
DEU,950300,2022,World,107075.101
DEU,950300,2022,World,75185586.664
DEU,950300,2022,World,154.597
DEU,950300,2022,World,142948.928
DEU,950300,2022,World,4.236
DEU,950300,2022,World,43756836.358
DEU,950300,2022,World,6728372.04
DEU,950300,2022,World,6194.454
DEU,950300,2022,World,3018.87
DEU,950300,2022,World,5.294
DEU,950300,2022,World,1268.539
DEU,950300,2022,World,149.302
DEU,950300,2022,World,6314116.635
DEU,950300,2022,World,2543482.868
DEU,950300,2022,World,119724061.409
DEU,950300,2022,World,829771.938
DEU,950300,2022,World,549719.104
DEU,950300,2023,World,15.264
DEU,950300,2023,World,431.761
DEU,950300,2023,World,159.185
DEU,950300,2023,World,98.127
DEU,950300,2023,World,2224629.414
DEU,950300,2023,World,92056655.893
DEU,950300,2023,World,419.768
DEU,950300,2023,World,10685258.673
DEU,950300,2023,World,92252069.124
DEU,950300,2023,World,16.355
DEU,950300,2023,World,175606.746
DEU,950300,2023,World,160738.253
DEU,950300,2023,World,3.271
DEU,950300,2023,World,19746060.636
DEU,950300,2023,World,97539844.658
DEU,950300,2023,World,31606.859
DEU,950300,2023,World,144800.171
DEU,950300,2023,World,229990.082
DEU,950300,2023,World,3438.823
DEU,950300,2023,World,5061555.727
DEU,950300,2023,World,2337.614
DEU,950300,2023,World,964.92
DEU,950300,2023,World,41.432
DEU,950300,2023,World,1163304.468
DEU,950300,2023,World,21206.437
DEU,950300,2023,World,141221.789
DEU,950300,2023,World,5450671.501
DEU,950300,2023,World,24382863.962
DEU,950300,2023,World,13364.962
DEU,950300,2023,World,652.003
DEU,950300,2023,World,38040.751
DEU,950300,2023,World,570164.233
DEU,950300,2023,World,298.744
DEU,950300,2023,World,2256.932
DEU,950300,2023,World,10201.986
DEU,950300,2023,World,1449372.22
DEU,950300,2023,World,283724.686
DEU,950300,2023,World,180.991
DEU,950300,2023,World,9.813
DEU,950300,2023,World,234176.854
DEU,950300,2023,World,27.258
DEU,950300,2023,World,44.703
DEU,950300,2023,World,29750.069
DEU,950300,2023,World,14917.557
DEU,950300,2023,World,866730488.507
DEU,950300,2023,World,160.275
DEU,950300,2023,World,1.09
DEU,950300,2023,World,13884795.438
DEU,950300,2023,World,256.222
DEU,950300,2023,World,600071.306
DEU,950300,2023,World,26581.642
DEU,950300,2023,World,367477001.635
DEU,950300,2023,World,906255.19
DEU,950300,2023,World,1658.354
DEU,950300,2023,World,345.627
DEU,950300,2023,World,1537.33
DEU,950300,2023,World,315.098
DEU,950300,2023,World,73678.468
DEU,950300,2023,World,11017207.561
DEU,950300,2023,World,148985.853
DEU,950300,2023,World,22037638.064
DEU,950300,2023,World,1.09
DEU,950300,2023,World,1180.801
DEU,950300,2023,World,10.903
DEU,950300,2023,World,786.11
DEU,950300,2023,World,112402.84
DEU,950300,2023,World,6552.735
DEU,950300,2023,World,309.647
DEU,950300,2023,World,1679.07
DEU,950300,2023,World,36186607.925
DEU,950300,2023,World,1.09
DEU,950300,2023,World,266.034
DEU,950300,2023,World,238.777
DEU,950300,2023,World,1903803.821
DEU,950300,2023,World,24839976.623
DEU,950300,2023,World,97.037
DEU,950300,2023,World,352106.452
DEU,950300,2023,World,21793580.863
DEU,950300,2023,World,530.979
DEU,950300,2023,World,1991.988
DEU,950300,2023,World,11238638.746
DEU,950300,2023,World,10257444.695
DEU,950300,2023,World,4013.414
DEU,950300,2023,World,2120.644
DEU,950300,2023,World,213.7
DEU,950300,2023,World,456.838
DEU,950300,2023,World,3231798.898
DEU,950300,2023,World,438.303
DEU,950300,2023,World,280203
DEU,950300,2023,World,500.45
DEU,950300,2023,World,5972.692
DEU,950300,2023,World,71344061.45
DEU,950300,2023,World,328.182
DEU,950300,2023,World,139394.437
DEU,950300,2023,World,4788395.009
DEU,950300,2023,World,64144738.748
DEU,950300,2023,World,343482696.3
DEU,950300,2023,World,9.813
DEU,950300,2023,World,978.004
DEU,950300,2023,World,23829571.113
DEU,950300,2023,World,50426869.045
DEU,950300,2023,World,1181.891
DEU,950300,2023,World,25254174.869
DEU,950300,2023,World,1242780.089
DEU,950300,2023,World,2446178.353
DEU,950300,2023,World,537307.884
DEU,950300,2023,World,136846451.579
DEU,950300,2023,World,1954790.856
DEU,950300,2023,World,81748.908
DEU,950300,2023,World,23471.001
DEU,950300,2023,World,40.341
DEU,950300,2023,World,3095.377
DEU,950300,2023,World,266855.483
DEU,950300,2023,World,498.27
DEU,950300,2023,World,3224398.996
DEU,950300,2023,World,70.87
DEU,950300,2023,World,71560.005
DEU,950300,2023,World,16.355
DEU,950300,2023,World,5.452
DEU,950300,2023,World,8565205.888
DEU,950300,2023,World,1965807.3
DEU,950300,2023,World,229975.908
DEU,950300,2023,World,7386661.133
DEU,950300,2023,World,5197.485
DEU,950300,2023,World,3583437089.825
DEU,950300,2023,World,13.084
DEU,950300,2023,World,14.174
DEU,950300,2023,World,358.71
DEU,950300,2023,World,1881.867
DEU,950300,2023,World,9143042.598
DEU,950300,2023,World,1280.018
DEU,950300,2023,World,2286461.716
DEU,950300,2023,World,11.993
DEU,950300,2023,World,960411906.396
DEU,950300,2023,World,4.361
DEU,950300,2023,World,1774410.754
DEU,950300,2023,World,39289368.105
DEU,950300,2023,World,66482184.228
DEU,950300,2023,World,126013.121
DEU,950300,2023,World,409388.909
DEU,950300,2023,World,7992134.901
DEU,950300,2024,World,1704.893
DEU,950300,2024,World,31588.192
DEU,950300,2024,World,8327654.386
DEU,950300,2024,World,3339.578
DEU,950300,2024,World,345265.382
DEU,950300,2024,World,3383333.741
DEU,950300,2024,World,770.188
DEU,950300,2024,World,117.362
DEU,950300,2024,World,366940383.643
DEU,950300,2024,World,274739.203
DEU,950300,2024,World,398758.352
DEU,950300,2024,World,40794.822
DEU,950300,2024,World,374721.148
DEU,950300,2024,World,18767.441
DEU,950300,2024,World,3755.584
DEU,950300,2024,World,5547545.607
DEU,950300,2024,World,1550.855
DEU,950300,2024,World,182289.383
DEU,950300,2024,World,21504.491
DEU,950300,2024,World,1587925.674
DEU,950300,2024,World,77509594.187
DEU,950300,2024,World,251620.984
DEU,950300,2024,World,393731.696
DEU,950300,2024,World,3361.583
DEU,950300,2024,World,38.771
DEU,950300,2024,World,2249.788
DEU,950300,2024,World,2370.293
DEU,950300,2024,World,259052.514
DEU,950300,2024,World,56.585
DEU,950300,2024,World,4806931.658
DEU,950300,2024,World,2.096
DEU,950300,2024,World,83231.663
DEU,950300,2024,World,24.101
DEU,950300,2024,World,472743.567
DEU,950300,2024,World,4131406.464
DEU,950300,2024,World,4.191
DEU,950300,2024,World,485.166
DEU,950300,2024,World,645674.378
DEU,950300,2024,World,2059.074
DEU,950300,2024,World,2251652.842
DEU,950300,2024,World,147891238.74
DEU,950300,2024,World,100030.147
DEU,950300,2024,World,1268336.373
DEU,950300,2024,World,7692795.126
DEU,950300,2024,World,64123.663
DEU,950300,2024,World,40003107.004
DEU,950300,2024,World,77923.129
DEU,950300,2024,World,362.565
DEU,950300,2024,World,158400.976
DEU,950300,2024,World,193.857
DEU,950300,2024,World,35099001.706
DEU,950300,2024,World,76.495
DEU,950300,2024,World,2636.453
DEU,950300,2024,World,307.027
DEU,950300,2024,World,373086.463
DEU,950300,2024,World,7680845.159
DEU,950300,2024,World,910377.034
DEU,950300,2024,World,31949.709
DEU,950300,2024,World,35689.575
DEU,950300,2024,World,900265.04
DEU,950300,2024,World,3550468725.612
DEU,950300,2024,World,2420.591
DEU,950300,2024,World,536.512
DEU,950300,2024,World,5890526.621
DEU,950300,2024,World,142.511
DEU,950300,2024,World,135705.052
DEU,950300,2024,World,11504453.013
DEU,950300,2024,World,91.165
DEU,950300,2024,World,935.752
DEU,950300,2024,World,238180.94
DEU,950300,2024,World,2617.592
DEU,950300,2024,World,713.603
DEU,950300,2024,World,11952.062
DEU,950300,2024,World,73971940.942
DEU,950300,2024,World,79.638
DEU,950300,2024,World,11140775.42
DEU,950300,2024,World,23108839.769
DEU,950300,2024,World,59828.423
DEU,950300,2024,World,22020833.252
DEU,950300,2024,World,172.899
DEU,950300,2024,World,475.735
DEU,950300,2024,World,1598799.473
DEU,950300,2024,World,259.873
DEU,950300,2024,World,398120.197
DEU,950300,2024,World,24430.158
DEU,950300,2024,World,10.479
DEU,950300,2024,World,326826066.713
DEU,950300,2024,World,136.224
DEU,950300,2024,World,2281.224
DEU,950300,2024,World,36230824.068
DEU,950300,2024,World,29033538.641
DEU,950300,2024,World,9111665.03
DEU,950300,2024,World,1651953.98
DEU,950300,2024,World,2031289.969
DEU,950300,2024,World,20.957
DEU,950300,2024,World,79.638
DEU,950300,2024,World,42966.019
DEU,950300,2024,World,12346.063
DEU,950300,2024,World,3043840.055
DEU,950300,2024,World,5602.988
DEU,950300,2024,World,921.082
DEU,950300,2024,World,9308367.934
DEU,950300,2024,World,561.661
DEU,950300,2024,World,128.889
DEU,950300,2024,World,96.404
DEU,950300,2024,World,1845070.007
DEU,950300,2024,World,43211938.122
DEU,950300,2024,World,924257300.468
DEU,950300,2024,World,24435346.827
DEU,950300,2024,World,42489.235
DEU,950300,2024,World,111717214.737
DEU,950300,2024,World,50853.374
DEU,950300,2024,World,10421216.423
DEU,950300,2024,World,39.819
DEU,950300,2024,World,2715348.009
DEU,950300,2024,World,762.853
DEU,950300,2024,World,296.549
DEU,950300,2024,World,2303377
DEU,950300,2024,World,2.096
DEU,950300,2024,World,36.676
DEU,950300,2024,World,133.08
DEU,950300,2024,World,59386895.754
DEU,950300,2024,World,11.527
DEU,950300,2024,World,5742.355
DEU,950300,2024,World,1248.019
DEU,950300,2024,World,1182.003
DEU,950300,2024,World,178.139
DEU,950300,2024,World,90.117
DEU,950300,2024,World,66287356.965
DEU,950300,2024,World,992064.13
DEU,950300,2024,World,14.67
DEU,950300,2024,World,4023.84
DEU,950300,2024,World,22915599.044
DEU,950300,2024,World,17213246.672
DEU,950300,2024,World,514.507
DEU,950300,2024,World,27597.884
DEU,950300,2024,World,515.554
DEU,950300,2024,World,972856867.993
DEU,950300,2024,World,1765074.182
GBR,950300,2020,World,2702047951.812
GBR,950300,2020,World,1133.615
GBR,950300,2020,World,2316.125
GBR,950300,2020,World,154063.5
GBR,950300,2020,World,4828387.556
GBR,950300,2020,World,542943.491
GBR,950300,2020,World,983898.983
GBR,950300,2020,World,2644037.034
GBR,950300,2020,World,26294.454
GBR,950300,2020,World,456396.327
GBR,950300,2020,World,130054.289
GBR,950300,2020,World,100490.238
GBR,950300,2020,World,914704.743
GBR,950300,2020,World,15885741.579
GBR,950300,2020,World,10555.097
GBR,950300,2020,World,1127563.081
GBR,950300,2020,World,34709.709
GBR,950300,2020,World,1326266908.088
GBR,950300,2020,World,1157362.605
GBR,950300,2020,World,96207.98
GBR,950300,2020,World,2187.452
GBR,950300,2020,World,7261.052
GBR,950300,2020,World,733.44
GBR,950300,2020,World,2316.125
GBR,950300,2020,World,39034.43
GBR,950300,2020,World,165184.761
GBR,950300,2020,World,207843472.311
GBR,950300,2020,World,190484.568
GBR,950300,2020,World,35041857.056
GBR,950300,2020,World,5426538.464
GBR,950300,2020,World,10984940.369
GBR,950300,2020,World,1339.492
GBR,950300,2020,World,11024.756
GBR,950300,2020,World,2613239.003
GBR,950300,2020,World,124781.244
GBR,950300,2020,World,7882030.041
GBR,950300,2020,World,77000.868
GBR,950300,2020,World,47454.831
GBR,950300,2020,World,5105344.658
GBR,950300,2020,World,14667444.294
GBR,950300,2020,World,10919.243
GBR,950300,2020,World,114282.763
GBR,950300,2020,World,134581.027
GBR,950300,2020,World,15408.666
GBR,950300,2020,World,235443.131
GBR,950300,2020,World,45565.903
GBR,950300,2020,World,12653.764
GBR,950300,2020,World,2727246.404
GBR,950300,2020,World,8515.62
GBR,950300,2020,World,2603652.818
GBR,950300,2020,World,78721.235
GBR,950300,2020,World,1792.424
GBR,950300,2020,World,86217.76
GBR,950300,2020,World,15638572.42
GBR,950300,2020,World,3015212.821
GBR,950300,2020,World,57633118.15
GBR,950300,2020,World,783078.062
GBR,950300,2020,World,1752056.052
GBR,950300,2020,World,8861949.149
GBR,950300,2020,World,725344.782
GBR,950300,2020,World,3640607.795
GBR,950300,2020,World,807478.441
GBR,950300,2020,World,55342.524
GBR,950300,2020,World,68601063.307
GBR,950300,2020,World,9050.903
GBR,950300,2020,World,10015.955
GBR,950300,2020,World,888842622.983
GBR,950300,2021,World,2918738035.204
GBR,950300,2021,World,47138.843
GBR,950300,2021,World,2836941.89
GBR,950300,2021,World,1278546.031
GBR,950300,2021,World,2400051.07
GBR,950300,2021,World,231576.286
GBR,950300,2021,World,12883.306
GBR,950300,2021,World,2782.42
GBR,950300,2021,World,6821.949
GBR,950300,2021,World,44499.464
GBR,950300,2021,World,970156.799
GBR,950300,2021,World,58956.219
GBR,950300,2021,World,7706163.027
GBR,950300,2021,World,2912090.61
GBR,950300,2021,World,3576.022
GBR,950300,2021,World,6740.801
GBR,950300,2021,World,1609988299.556
GBR,950300,2021,World,4963271.883
GBR,950300,2021,World,6225.028
GBR,950300,2021,World,4454.898
GBR,950300,2021,World,1786.635
GBR,950300,2021,World,1943.43
GBR,950300,2021,World,66302.193
GBR,950300,2021,World,2335.417
GBR,950300,2021,World,6006.341
GBR,950300,2021,World,23753.036
GBR,950300,2021,World,245593592.631
GBR,950300,2021,World,82069.697
GBR,950300,2021,World,37008952.464
GBR,950300,2021,World,10180232.244
GBR,950300,2021,World,13395532.356
GBR,950300,2021,World,5922.442
GBR,950300,2021,World,51265.021
GBR,950300,2021,World,3441372.076
GBR,950300,2021,World,11832.506
GBR,950300,2021,World,9244.016
GBR,950300,2021,World,69420.208
GBR,950300,2021,World,65064.339
GBR,950300,2021,World,36066.929
GBR,950300,2021,World,9103014.858
GBR,950300,2021,World,15984.817
GBR,950300,2021,World,45951.878
GBR,950300,2021,World,6361127.75
GBR,950300,2021,World,18215716.608
GBR,950300,2021,World,1767.38
GBR,950300,2021,World,2794.798
GBR,950300,2021,World,15653.347
GBR,950300,2021,World,1431.784
GBR,950300,2021,World,1434.535
GBR,950300,2021,World,32605.065
GBR,950300,2021,World,231086.646
GBR,950300,2021,World,5969.205
GBR,950300,2021,World,2234316.22
GBR,950300,2021,World,210979.777
GBR,950300,2021,World,18873.142
GBR,950300,2021,World,17558.266
GBR,950300,2021,World,4177196.301
GBR,950300,2021,World,12642.612
GBR,950300,2021,World,1867813.885
GBR,950300,2021,World,17841.597
GBR,950300,2021,World,21921.013
GBR,950300,2021,World,422594.985
GBR,950300,2021,World,22235409.785
GBR,950300,2021,World,4015177.762
GBR,950300,2021,World,86328945.444
GBR,950300,2021,World,255515.001
GBR,950300,2021,World,1306.623
GBR,950300,2021,World,120828.271
GBR,950300,2021,World,1539799.171
GBR,950300,2021,World,11292285.583
GBR,950300,2021,World,1702.736
GBR,950300,2021,World,808795.698
GBR,950300,2021,World,27888.843
GBR,950300,2021,World,6759899.554
GBR,950300,2021,World,1358732.815
GBR,950300,2021,World,89280.883
GBR,950300,2021,World,87853.225
GBR,950300,2021,World,71087613.743
GBR,950300,2021,World,1636.718
GBR,950300,2021,World,1642.219
GBR,950300,2021,World,726153574.575
GBR,950300,2022,World,3172130042.467
GBR,950300,2022,World,2203.417
GBR,950300,2022,World,38339.449
GBR,950300,2022,World,8673.282
GBR,950300,2022,World,3248392.699
GBR,950300,2022,World,2305850.431
GBR,950300,2022,World,33617.667
GBR,950300,2022,World,1133569.33
GBR,950300,2022,World,2696865.931
GBR,950300,2022,World,2105.758
GBR,950300,2022,World,209209.827
GBR,950300,2022,World,45252428.242
GBR,950300,2022,World,35655.065
GBR,950300,2022,World,519098.091
GBR,950300,2022,World,14263.002
GBR,950300,2022,World,2103234.985
GBR,950300,2022,World,5256.461
GBR,950300,2022,World,4968940
GBR,950300,2022,World,1373.321
GBR,950300,2022,World,3007830.879
GBR,950300,2022,World,24215.609
GBR,950300,2022,World,1814928621.658
GBR,950300,2022,World,4005.213
GBR,950300,2022,World,4047915.53
GBR,950300,2022,World,17617.567
GBR,950300,2022,World,300323.849
GBR,950300,2022,World,184812.329
GBR,950300,2022,World,157913189.038
GBR,950300,2022,World,121933139.406
GBR,950300,2022,World,11714.119
GBR,950300,2022,World,191656.959
GBR,950300,2022,World,533318.368
GBR,950300,2022,World,152327624.433
GBR,950300,2022,World,74920586.594
GBR,950300,2022,World,1593653.7
GBR,950300,2022,World,72303.803
GBR,950300,2022,World,194631585.867
GBR,950300,2022,World,842663.408
GBR,950300,2022,World,5755.739
GBR,950300,2022,World,56438252.594
GBR,950300,2022,World,90.334
GBR,950300,2022,World,40738357.656
GBR,950300,2022,World,9457670.686
GBR,950300,2022,World,28503508.031
GBR,950300,2022,World,11292041.238
GBR,950300,2022,World,62718.636
GBR,950300,2022,World,54855.917
GBR,950300,2022,World,5464194.805
GBR,950300,2022,World,5791.14
GBR,950300,2022,World,1837797.14
GBR,950300,2022,World,232657.598
GBR,950300,2022,World,1023325.257
GBR,950300,2022,World,732543.849
GBR,950300,2022,World,129062.838
GBR,950300,2022,World,115387.006
GBR,950300,2022,World,14155651.482
GBR,950300,2022,World,68210.697
GBR,950300,2022,World,61041.353
GBR,950300,2022,World,8693735.779
GBR,950300,2022,World,11260227.809
GBR,950300,2022,World,72173.185
GBR,950300,2022,World,4488.622
GBR,950300,2022,World,79119401.369
GBR,950300,2022,World,8080.008
GBR,950300,2022,World,25419.249
GBR,950300,2022,World,8549.989
GBR,950300,2022,World,3852521.918
GBR,950300,2022,World,130849.985
GBR,950300,2022,World,343493.724
GBR,950300,2022,World,760409.44
GBR,950300,2022,World,19493.828
GBR,950300,2022,World,3643689.297
GBR,950300,2022,World,19141382.615
GBR,950300,2022,World,973652.557
GBR,950300,2022,World,69260.525
GBR,950300,2022,World,1561405.691
GBR,950300,2022,World,938927.688
GBR,950300,2022,World,68091.066
GBR,950300,2022,World,47297.161
GBR,950300,2022,World,30703683.579
GBR,950300,2022,World,2545794.563
GBR,950300,2022,World,482642.228
GBR,950300,2022,World,129922256.742
GBR,950300,2022,World,150410.954
GBR,950300,2022,World,266818.489
GBR,950300,2022,World,11591095.529
GBR,950300,2022,World,2512689.602
GBR,950300,2022,World,1061255.761
GBR,950300,2022,World,9282.426
GBR,950300,2022,World,14979400.909
GBR,950300,2022,World,232067.985
GBR,950300,2022,World,209472.284
GBR,950300,2022,World,7252375.398
GBR,950300,2022,World,890241.337
GBR,950300,2022,World,271258.282
GBR,950300,2022,World,53176.194
GBR,950300,2022,World,77808799.419
GBR,950300,2023,World,113877.649
GBR,950300,2023,World,1610399.422
GBR,950300,2023,World,2491405.908
GBR,950300,2023,World,70739.897
GBR,950300,2023,World,113862.734
GBR,950300,2023,World,5265.128
GBR,950300,2023,World,1583730.731
GBR,950300,2023,World,469738.622
GBR,950300,2023,World,991354.163
GBR,950300,2023,World,108827935.657
GBR,950300,2023,World,30658.554
GBR,950300,2023,World,10163360.495
GBR,950300,2023,World,3533.701
GBR,950300,2023,World,458492.429
GBR,950300,2023,World,1218.089
GBR,950300,2023,World,12896.828
GBR,950300,2023,World,1792854.239
GBR,950300,2023,World,69966644.406
GBR,950300,2023,World,5770086.354
GBR,950300,2023,World,29135.943
GBR,950300,2023,World,35211.473
GBR,950300,2023,World,475533.245
GBR,950300,2023,World,30935.732
GBR,950300,2023,World,7710575.466
GBR,950300,2023,World,125629.722
GBR,950300,2023,World,10946.643
GBR,950300,2023,World,14192679.587
GBR,950300,2023,World,40590123.726
GBR,950300,2023,World,104451.132
GBR,950300,2023,World,33248.858
GBR,950300,2023,World,87211.444
GBR,950300,2023,World,2466304.574
GBR,950300,2023,World,1096285.073
GBR,950300,2023,World,1419694575.726
GBR,950300,2023,World,1007138.359
GBR,950300,2023,World,504395.74
GBR,950300,2023,World,3270.196
GBR,950300,2023,World,1989153.011
GBR,950300,2023,World,42144.636
GBR,950300,2023,World,9979609.284
GBR,950300,2023,World,26029715.5
GBR,950300,2023,World,5138213.871
GBR,950300,2023,World,2353436.199
GBR,950300,2023,World,87292.235
GBR,950300,2023,World,6731.806
GBR,950300,2023,World,2081.938
GBR,950300,2023,World,189765850.517
GBR,950300,2023,World,2221532.075
GBR,950300,2023,World,22916.232
GBR,950300,2023,World,53185185.125
GBR,950300,2023,World,2629777000.461
GBR,950300,2023,World,119317834.739
GBR,950300,2023,World,3004857.767
GBR,950300,2023,World,2667.366
GBR,950300,2023,World,65775.563
GBR,950300,2023,World,11816.706
GBR,950300,2023,World,226120.822
GBR,950300,2023,World,480419.274
GBR,950300,2023,World,297709.652
GBR,950300,2023,World,1589957.9
GBR,950300,2023,World,6174048.17
GBR,950300,2023,World,11073445.749
GBR,950300,2023,World,10967.773
GBR,950300,2023,World,3922757.434
GBR,950300,2023,World,4577394.509
GBR,950300,2023,World,8904.479
GBR,950300,2023,World,96946.212
GBR,950300,2023,World,919493.126
GBR,950300,2023,World,32619.926
GBR,950300,2023,World,47184.79
GBR,950300,2023,World,65928346.258
GBR,950300,2023,World,129375.967
GBR,950300,2023,World,169422276.395
GBR,950300,2023,World,3547.373
GBR,950300,2023,World,1925040.512
GBR,950300,2023,World,736364.632
GBR,950300,2023,World,5297.444
GBR,950300,2023,World,12573.662
GBR,950300,2023,World,9908.781
GBR,950300,2023,World,2598110.505
GBR,950300,2023,World,1272828.429
GBR,950300,2023,World,99838834.088
GBR,950300,2023,World,10693870.572
GBR,950300,2023,World,49404699.243
GBR,950300,2023,World,20424393.084
GBR,950300,2023,World,20296.097
GBR,950300,2023,World,266306.572
GBR,950300,2023,World,4332.917
GBR,950300,2023,World,336910.988
GBR,950300,2023,World,22393001.408
GBR,950300,2023,World,48990193.5
GBR,950300,2024,World,495813.982
GBR,950300,2024,World,667622.974
GBR,950300,2024,World,20624029.228
GBR,950300,2024,World,339959851.344
GBR,950300,2024,World,368682.127
GBR,950300,2024,World,10721962.15
GBR,950300,2024,World,16185652.695
GBR,950300,2024,World,7267.359
GBR,950300,2024,World,63257.731
GBR,950300,2024,World,15247.503
GBR,950300,2024,World,1950891.45
GBR,950300,2024,World,863152.98
GBR,950300,2024,World,2005.182
GBR,950300,2024,World,41377.019
GBR,950300,2024,World,18519.717
GBR,950300,2024,World,12327.876
GBR,950300,2024,World,75122.677
GBR,950300,2024,World,1561249623.157
GBR,950300,2024,World,15619.114
GBR,950300,2024,World,44970839.836
GBR,950300,2024,World,135997036.496
GBR,950300,2024,World,609906.446
GBR,950300,2024,World,68348485.34
GBR,950300,2024,World,902636.427
GBR,950300,2024,World,2915227512.865
GBR,950300,2024,World,425877.384
GBR,950300,2024,World,2864598.868
GBR,950300,2024,World,605748.958
GBR,950300,2024,World,1825305.653
GBR,950300,2024,World,92534952.389
GBR,950300,2024,World,80039.876
GBR,950300,2024,World,150974.627
GBR,950300,2024,World,3900.023
GBR,950300,2024,World,90431.058
GBR,950300,2024,World,1840124.47
GBR,950300,2024,World,3761.778
GBR,950300,2024,World,1268.3
GBR,950300,2024,World,147157.044
GBR,950300,2024,World,293906.964
GBR,950300,2024,World,5479938.737
GBR,950300,2024,World,2903.139
GBR,950300,2024,World,3024.896
GBR,950300,2024,World,163240.356
GBR,950300,2024,World,2018860.916
GBR,950300,2024,World,47297.444
GBR,950300,2024,World,72435.15
GBR,950300,2024,World,188105.378
GBR,950300,2024,World,2822369.551
GBR,950300,2024,World,11944438.471
GBR,950300,2024,World,17165.172
GBR,950300,2024,World,5362060.398
GBR,950300,2024,World,49373474.406
GBR,950300,2024,World,42952744.974
GBR,950300,2024,World,168031.994
GBR,950300,2024,World,22706.375
GBR,950300,2024,World,1279.715
GBR,950300,2024,World,120035.717
GBR,950300,2024,World,752001.704
GBR,950300,2024,World,3828.998
GBR,950300,2024,World,7823506.013
GBR,950300,2024,World,8351508.181
GBR,950300,2024,World,46656158.144
GBR,950300,2024,World,357056.889
GBR,950300,2024,World,167024.964
GBR,950300,2024,World,2429511.09
GBR,950300,2024,World,7405799.018
GBR,950300,2024,World,22667009.405
GBR,950300,2024,World,8612340.418
GBR,950300,2024,World,209840475.977
GBR,950300,2024,World,3393628.359
GBR,950300,2024,World,2758.552
GBR,950300,2024,World,276405.692
GBR,950300,2024,World,150714.626
GBR,950300,2024,World,10422404.909
GBR,950300,2024,World,15924.775
GBR,950300,2024,World,29490.512
GBR,950300,2024,World,1235399.03
GBR,950300,2024,World,2207772.932
GBR,950300,2024,World,1705015.007
GBR,950300,2024,World,1571999.508
GBR,950300,2024,World,30124.662
GBR,950300,2024,World,3390.166
GBR,950300,2024,World,743233.946
GBR,950300,2024,World,26113328.019
GBR,950300,2024,World,67847813.769
GBR,950300,2024,World,11760.946
GBR,950300,2024,World,4730.759
GBR,950300,2024,World,1627251.729
GBR,950300,2024,World,7249804.46
GBR,950300,2024,World,49720908.703
GBR,950300,2024,World,2340.014