Country,ISO3,Year,Imports_USD,Exports_USD,Net_Balance_USD,GDP_USD,Trade_Pct_GDP
"Afghanistan",AFG,2019,0,0,0,18799444490,0
"Afghanistan",AFG,2020,7241822542,2079570875,-5162251667,19955929052,46.7
"Afghanistan",AFG,2021,5286118076,2045190335,-3240927741,14259995441,51.4
"Afghanistan",AFG,2022,7901784706,2664599571,-5237185135,14497243872,72.9
"Afghanistan",AFG,2023,8707211783,2784713052,-5922498731,17152234637,67
"Afghanistan",AFG,2024,12100101719,2791715131,-9308386588,17778508876,83.8
"Afghanistan",AFG,2025,0,0,0,0,0
"Albania",ALB,2019,6926959713,4821429218,-2105530495,15585111614,75.4
"Albania",ALB,2020,5636282434,3435540416,-2200742018,15241458745,59.5
"Albania",ALB,2021,8016544326,5613909458,-2402634868,18031989573,75.6
"Albania",ALB,2022,9033376425,7073859741,-1959516684,19017247014,84.7
"Albania",ALB,2023,10320565554,9025058562,-1295506992,23491242727,82.4
"Albania",ALB,2024,11672014788,9810511992,-1861502796,27037474263,79.5
"Albania",ALB,2025,12985289569,11304181754,-1681107815,30540188271,79.5
"Algeria",DZA,2019,50490845024,39481135535,-11009709489,193459662091,46.5
"Algeria",DZA,2020,40978554436,25613416650,-15365137786,164873415325,40.4
"Algeria",DZA,2021,43564492198,43660727771,96235573,186231205262,46.8
"Algeria",DZA,2022,46015346670,69460098852,23444752182,225581644703,51.2
"Algeria",DZA,2023,49460165881,58981242697,9521076816,247923887215,43.7
"Algeria",DZA,2024,54624467792,53466882957,-1157584835,269322281665,40.1
"Algeria",DZA,2025,63560679354,48321061533,-15239617821,287031225988,39
"Andorra",AND,2019,0,0,0,3155149348,0
"Andorra",AND,2020,0,0,0,2891001149,0
"Andorra",AND,2021,0,0,0,3324647529,0
"Andorra",AND,2022,0,0,0,3380612573,0
"Andorra",AND,2023,0,0,0,3785067332,0
"Andorra",AND,2024,0,0,0,4044249679,0
"Andorra",AND,2025,0,0,0,4500982732,0
"Angola",AGO,2019,19016585500,30001180996,10984595496,81193813808,60.4
"Angola",AGO,2020,13399763094,18583150428,5183387334,58512033806,54.7
"Angola",AGO,2021,17564145355,31385829561,13821684206,78283923544,62.5
"Angola",AGO,2022,26319489923,46181518626,19862028703,128233959333,56.5
"Angola",AGO,2023,22202765695,34643370052,12440604357,106042349567,53.6
"Angola",AGO,2024,19553789239,31830777325,12276988086,103080538044,49.8
"Angola",AGO,2025,14256453829,28073040733,13816586904,122174889424,34.6
"Antigua and Barbuda",ATG,2019,1180425926,1194092593,13666667,1726448148,137.5
"Antigua and Barbuda",ATG,2020,739748148,591277778,-148470370,1411637037,94.3
"Antigua and Barbuda",ATG,2021,866970370,752377778,-114592592,1602125926,101.1
"Antigua and Barbuda",ATG,2022,1175559259,1021455556,-154103703,1857114815,118.3
"Antigua and Barbuda",ATG,2023,0,0,0,2054096296,0
"Antigua and Barbuda",ATG,2024,0,0,0,2162366667,0
"Antigua and Barbuda",ATG,2025,0,0,0,2338196296,0
"Argentina",ARG,2019,65845624691,80259482469,14413857778,447754683615,32.6
"Argentina",ARG,2020,52454091268,64053810078,11599718810,385740508437,30.2
"Argentina",ARG,2021,73042905138,87906118245,14863213107,486564085480,33.1
"Argentina",ARG,2022,96991607941,103224756800,6233148859,633993756301,31.6
"Argentina",ARG,2023,89980573298,83276004575,-6704568723,649461687959,26.7
"Argentina",ARG,2024,80944817978,97349127043,16404309065,638365455340,27.9
"Argentina",ARG,2025,101159779351,106260393151,5100613800,683097891619,30.4
"Armenia",ARM,2019,7570200592,5755867284,-1814333308,13619290539,97.8
"Armenia",ARM,2020,5062331396,3802199215,-1260132181,12641698583,70.1
"Armenia",ARM,2021,6048430236,4950452984,-1097977252,13878908629,79.2
"Armenia",ARM,2022,10207068194,10063294925,-143773269,19513506553,103.9
"Armenia",ARM,2023,15094573227,14755463718,-339109509,24185982216,123.4
"Armenia",ARM,2024,19840049652,19109663382,-730386270,25955275380,150.1
"Armenia",ARM,2025,15676547634,14065779954,-1610767680,29243452882,101.7
"Australia",AUS,2019,306786753626,336477593836,29690840210,1398349602956,46
"Australia",AUS,2020,274154332727,319174580744,45020248017,1333336461648,44.5
"Australia",AUS,2021,284038962018,343364164706,59325202688,1560617493203,40.2
"Australia",AUS,2022,343078219088,431732710876,88654491788,1695627535476,45.7
"Australia",AUS,2023,387533147572,463117015978,75583868406,1734451264656,49
"Australia",AUS,2024,395749225409,432605705549,36856480140,1757022451653,47.1
"Australia",AUS,2025,407490633311,418055624771,10564991460,1798518933689,45.9
"Austria",AUT,2019,231731288459,247609283522,15877995063,442983642372,108.2
"Austria",AUT,2020,209749421171,224423223721,14673802550,434397601558,99.9
"Austria",AUT,2021,264636005985,268839884920,4203878935,480466363177,111
"Austria",AUT,2022,294117763031,290687124329,-3430638702,473221298968,123.6
"Austria",AUT,2023,292777313124,302183838743,9406525619,516670509629,115.2
"Austria",AUT,2024,284227859384,297762301951,13534442567,534790720467,108.8
"Austria",AUT,2025,303166499175,316981385995,13814886820,579470021095,107
"Azerbaijan",AZE,2019,17712470588,23629764706,5917294118,48174235294,85.8
"Azerbaijan",AZE,2020,15537823529,15208764706,-329058823,42693000000,72
"Azerbaijan",AZE,2021,16336941176,25487647059,9150705883,54825411765,76.3
"Azerbaijan",AZE,2022,21274411765,47274117647,25999705882,78807470588,87
"Azerbaijan",AZE,2023,25016411765,35487352941,10470941176,72428470588,83.5
"Azerbaijan",AZE,2024,27338823529,34112882353,6774058824,74426000000,82.6
"Azerbaijan",AZE,2025,27950647059,32670058824,4719411765,75937647059,79.8
"Bahamas",BHS,2019,4488400000,4644400000,156000000,13277000000,68.8
"Bahamas",BHS,2020,3124200000,2411900000,-712300000,10363200000,53.4
"Bahamas",BHS,2021,4569400000,3366900000,-1202500000,12037000000,65.9
"Bahamas",BHS,2022,5395300000,5163900000,-231400000,13896800000,76
"Bahamas",BHS,2023,5915800000,5774300000,-141500000,15271300000,76.5
"Bahamas",BHS,2024,6564100000,5982200000,-581900000,15832800000,79.2
"Bahamas",BHS,2025,0,0,0,0,0
"Bahrain",BHR,2019,25207712766,29564361702,4356648936,40446808511,135.4
"Bahrain",BHR,2020,23296808511,25249202128,1952393617,35837632979,135.5
"Bahrain",BHR,2021,27577393617,35234574468,7657180851,40840212766,153.8
"Bahrain",BHR,2022,33068882979,44581914894,11513031915,46458191489,167.1
"Bahrain",BHR,2023,32379255319,40349468085,7970212766,46192260638,157.4
"Bahrain",BHR,2024,33044414894,41303457447,8259042553,47210732713,157.5
"Bahrain",BHR,2025,0,0,0,48965725532,0
"Bangladesh",BGD,2019,64919190426,45992932855,-18926257571,351231654604,31.6
"Bangladesh",BGD,2020,59195931838,39053880560,-20142051278,373979442362,26.3
"Bangladesh",BGD,2021,71021045805,44386125442,-26634920363,416271647911,27.7
"Bangladesh",BGD,2022,96157127887,59275206086,-36881921801,460131689083,33.8
"Bangladesh",BGD,2023,77972815573,57551452001,-20421363572,437415333018,31
"Bangladesh",BGD,2024,73445483484,47087839244,-26357644240,450119432069,26.8
"Bangladesh",BGD,2025,76818948730,50724940945,-26094007785,456319229256,28
"Barbados",BRB,2019,0,0,0,6166710800,0
"Barbados",BRB,2020,0,0,0,5403246950,0
"Barbados",BRB,2021,0,0,0,5948900600,0
"Barbados",BRB,2022,0,0,0,6886644900,0
"Barbados",BRB,2023,0,0,0,7223248150,0
"Barbados",BRB,2024,0,0,0,7597571450,0
"Barbados",BRB,2025,0,0,0,8016550000,0
"Belarus",BLR,2019,42353437235,41927532636,-425904599,64410170653,130.9
"Belarus",BLR,2020,35547749096,37444144984,1896395888,61371673345,118.9
"Belarus",BLR,2021,45415029494,49351137897,3936108403,69673747132,136
"Belarus",BLR,2022,42031948517,46516126576,4484178059,73775179925,120
"Belarus",BLR,2023,47515586812,47855354382,339767570,72478760370,131.6
"Belarus",BLR,2024,51152858488,49635542198,-1517316290,78591839300,128.2
"Belarus",BLR,2025,53261674554,51443726734,-1817947820,93397215864,112.1
"Belgium",BEL,2019,442788775444,445308040881,2519265437,536726344405,165.5
"Belgium",BEL,2020,411854672040,419501446550,7646774510,529694473502,157
"Belgium",BEL,2021,525242552932,536427964593,11185411661,598522422242,177.4
"Belgium",BEL,2022,571920929941,558111250101,-13809679840,591474463579,191.1
"Belgium",BEL,2023,541280155477,538931856272,-2348299205,650779364364,166
"Belgium",BEL,2024,534805055514,532215676718,-2589378796,670983130619,159
"Belgium",BEL,2025,562002311236,547364961669,-14637349567,725466462860,152.9
"Belize",BLZ,2019,1200664850,1238668200,38003350,2381187850,102.4
"Belize",BLZ,2020,900924400,770543100,-130381300,2047284600,81.6
"Belize",BLZ,2021,1248326800,1155566850,-92759950,2428606250,99
"Belize",BLZ,2022,1573075200,1496710050,-76365150,2846604350,107.8
"Belize",BLZ,2023,1571040800,1676688500,105647700,3052362650,106.4
"Belize",BLZ,2024,1721921750,1769154200,47232450,3203631800,109
"Belize",BLZ,2025,0,0,0,3326500000,0
"Benin",BEN,2019,4900485060,4264332527,-636152533,14391686313,63.7
"Benin",BEN,2020,3915530456,3117343142,-798187314,15686741884,44.8
"Benin",BEN,2021,4799723189,3700039683,-1099683506,17687623530,48.1
"Benin",BEN,2022,4106516765,3627155582,-479361183,17425405091,44.4
"Benin",BEN,2023,4851357176,3935350522,-916006654,19673291004,44.7
"Benin",BEN,2024,4683140134,4047363784,-635776350,21482643706,40.6
"Benin",BEN,2025,4929128052,4189174580,-739953472,24566420904,37.1
"Bhutan",BTN,2019,1221920791,860577748,-361343043,2735683570,76.1
"Bhutan",BTN,2020,1075563545,689742275,-385821270,2457604334,71.8
"Bhutan",BTN,2021,1339649528,808455597,-531193931,2768802960,77.6
"Bhutan",BTN,2022,1741034284,739014454,-1002019830,2898227744,85.6
"Bhutan",BTN,2023,1607335845,855304392,-752031453,3012896790,81.7
"Bhutan",BTN,2024,1601941678,1054008208,-547933470,3346603859,79.4
"Bhutan",BTN,2025,0,0,0,3579320145,0
"Bolivia",BOL,2019,12643630391,9834601158,-2809029233,49056643589,45.8
"Bolivia",BOL,2020,8735545774,7139077207,-1596468567,42313784081,37.5
"Bolivia",BOL,2021,11545547250,11276448090,-269099160,47877892402,47.7
"Bolivia",BOL,2022,15150615137,14163562909,-987052228,50959081954,57.5
"Bolivia",BOL,2023,14239423386,11725676874,-2513746512,52340206946,49.6
"Bolivia",BOL,2024,14018232750,11763846802,-2254385948,54881327453,47
"Bolivia",BOL,2025,0,0,0,64768947525,0
"Bosnia and Herzegovina",BIH,2019,11158117517,8201250826,-2956866691,20482608984,94.5
"Bosnia and Herzegovina",BIH,2020,9694297978,6996561967,-2697736011,20226038370,82.5
"Bosnia and Herzegovina",BIH,2021,12763502914,10137269156,-2626233758,23672712121,96.7
"Bosnia and Herzegovina",BIH,2022,15186504680,11851990990,-3334513690,24534663636,110.2
"Bosnia and Herzegovina",BIH,2023,15369301842,12121804463,-3247497379,27592361498,99.6
"Bosnia and Herzegovina",BIH,2024,16075269811,12103908354,-3971361457,29737363103,94.8
"Bosnia and Herzegovina",BIH,2025,17643126768,13366489382,-4276637386,32599982936,95.1
"Botswana",BWA,2019,7694781425,6203274315,-1491507110,16725908149,83.1
"Botswana",BWA,2020,7341599357,4675227906,-2666371451,14960251608,80.3
"Botswana",BWA,2021,9238937562,7832700186,-1406237376,18750182236,91
"Botswana",BWA,2022,8654887423,8835446423,180559000,20321150599,86.1
"Botswana",BWA,2023,7224959116,6386475984,-838483132,19413614555,70.1
"Botswana",BWA,2024,8171323580,5222081145,-2949242435,19286251068,69.4
"Botswana",BWA,2025,7475356083,6383839016,-1091517067,19928479839,69.5
"Brazil",BRA,2019,276634813667,264562979421,-12071834246,1873288205060,28.9
"Brazil",BRA,2020,233941246230,242872071018,8930824788,1476107231310,32.3
"Brazil",BRA,2021,309853308959,319251201403,9397892444,1670647398905,37.7
"Brazil",BRA,2022,374482483051,383177602116,8695119065,1951923942083,38.8
"Brazil",BRA,2023,343939883229,393731572888,49791689659,2191131765685,33.7
"Brazil",BRA,2024,385708868264,392105346047,6396477783,2185821610689,35.6
"Brazil",BRA,2025,398319353081,406298241937,7978888856,2279920092492,35.3
"Brunei",BRN,2019,6810532693,7804888585,994355892,13469235365,108.5
"Brunei",BRN,2020,6355257110,6886059826,530802716,12005799654,110.3
"Brunei",BRN,2021,9377937978,11228855781,1850917803,14006496617,147.1
"Brunei",BRN,2022,10106443643,14411072072,4304628429,16681536467,147
"Brunei",BRN,2023,9081237975,11578413348,2497175373,15095084656,136.9
"Brunei",BRN,2024,8946252974,11393732340,2447479366,15340808592,132.6
"Brunei",BRN,2025,7822316770,10758583397,2936266627,15031980994,123.6
"Bulgaria",BGR,2019,41764330853,44053127057,2288796204,68511235459,125.3
"Bulgaria",BGR,2020,38028750956,39809586250,1780835294,70490478088,110.4
"Bulgaria",BGR,2021,50091113311,52188034904,2096921593,84378926047,121.2
"Bulgaria",BGR,2022,62330614856,63338969112,1008354256,90510784778,138.8
"Bulgaria",BGR,2023,59170791456,63371847847,4201056391,102204457335,119.9
"Bulgaria",BGR,2024,61045719079,63894874228,2849155149,113349149167,110.2
"Bulgaria",BGR,2025,67710937458,66354382381,-1356555077,130777235530,102.5
"Burkina Faso",BFA,2019,4994381288,4690831780,-303549508,16032813503,60.4
"Burkina Faso",BFA,2020,5133679371,5632452791,498773420,17725010533,60.7
"Burkina Faso",BFA,2021,5835051415,6460208897,625157482,19697516284,62.4
"Burkina Faso",BFA,2022,6760351772,5813561183,-946790589,18622421395,67.5
"Burkina Faso",BFA,2023,6877000996,5820589717,-1056411279,20106062972,63.2
"Burkina Faso",BFA,2024,7387126426,6608822104,-778304322,23136514856,60.5
"Burkina Faso",BFA,2025,8291794759,9666763788,1374969029,27627297461,65
"Burundi",BDI,2019,0,0,0,2871555326,0
"Burundi",BDI,2020,0,0,0,3188355944,0
"Burundi",BDI,2021,0,0,0,3425127991,0
"Burundi",BDI,2022,0,0,0,4020736757,0
"Burundi",BDI,2023,0,0,0,3419558408,0
"Burundi",BDI,2024,0,0,0,3037579858,0
"Burundi",BDI,2025,0,0,0,3364713864,0
"Cabo Verde",CPV,2019,1281435257,1051880072,-229555185,2252177124,103.6
"Cabo Verde",CPV,2020,967252868,460735345,-506517523,1821565614,78.4
"Cabo Verde",CPV,2021,1099895576,489360327,-610535249,2051842619,77.5
"Cabo Verde",CPV,2022,1310225013,869236486,-440988527,2247003344,97
"Cabo Verde",CPV,2023,1396322814,983790275,-412532539,2504525538,95
"Cabo Verde",CPV,2024,1471461002,1158196704,-313264298,2713721857,96.9
"Cabo Verde",CPV,2025,1630785621,1283053105,-347732516,3056630435,95.3
"Cambodia",KHM,2019,22117532079,20340881133,-1776650946,36685356408,115.7
"Cambodia",KHM,2020,21651131247,20863615890,-787515357,34818073901,122.1
"Cambodia",KHM,2021,27158061718,26621743091,-536318627,36790163687,146.2
"Cambodia",KHM,2022,29462601452,28878876682,-583724770,39994532960,145.9
"Cambodia",KHM,2023,28497892006,28319442900,-178449106,42335646896,134.2
"Cambodia",KHM,2024,33412575812,33078910281,-333665531,46352647037,143.4
"Cambodia",KHM,2025,34576163751,35193057307,616893556,51267065843,136.1
"Cameroon",CMR,2019,9333197588,7874085867,-1459111721,39667757528,43.4
"Cameroon",CMR,2020,7544311297,6212103785,-1332207512,40773241177,33.7
"Cameroon",CMR,2021,9102291771,7430968539,-1671323232,45011937347,36.7
"Cameroon",CMR,2022,9740770348,8568684369,-1172085979,44347206073,41.3
"Cameroon",CMR,2023,10269387816,8226588945,-2042798871,48814501547,37.9
"Cameroon",CMR,2024,9982430836,8353326094,-1629104742,53296694320,34.4
"Cameroon",CMR,2025,11960615220,7713888549,-4246726671,58933453924,33.4
"Canada",CAN,2019,589706748631,564142104615,-25564644016,1743728952157,66.2
"Canada",CAN,2020,524572641557,487990676643,-36581964914,1655686966882,61.2
"Canada",CAN,2021,628388638999,630478158310,2089519311,2022377950897,62.2
"Canada",CAN,2022,731290006744,742056361163,10766354419,2200562785046,67
"Canada",CAN,2023,729991623300,732380673864,2389050564,2196593836347,66.6
"Canada",CAN,2024,741233987716,737073649329,-4160338387,2270076189683,65.1
"Canada",CAN,2025,746500089837,726879970410,-19620119427,2319899772426,63.5
"Central African Republic",CAF,2019,762137823,349974469,-412163354,2221301351,50.1
"Central African Republic",CAF,2020,799194659,353021263,-446173396,2326720900,49.5
"Central African Republic",CAF,2021,778394733,332868821,-445525912,2516498412,44.2
"Central African Republic",CAF,2022,784669456,293074003,-491595453,2382618615,45.2
"Central African Republic",CAF,2023,742108360,369034171,-373074189,2555492086,43.5
"Central African Republic",CAF,2024,864653559,412917514,-451736045,2751494281,46.4
"Central African Republic",CAF,2025,1029045766,593132852,-435912914,3066109226,52.9
"Chad",TCD,2019,3235878756,3721677783,485799027,14905517743,46.7
"Chad",TCD,2020,2890407316,3178743027,288335711,14932897821,40.6
"Chad",TCD,2021,2980116474,4434510318,1454393844,16871937698,43.9
"Chad",TCD,2022,2897673571,5657938456,2760264885,17828508290,48
"Chad",TCD,2023,3259676237,5340996645,2081320408,18352937976,46.9
"Chad",TCD,2024,3358335600,5511283770,2152948170,19906706690,44.6
"Chad",TCD,2025,3589848355,6316032159,2726183804,21472835225,46.1
"Chile",CHL,2019,82753870848,77571036969,-5182833879,278308438545,57.6
"Chile",CHL,2020,68216602660,79592398711,11375796051,254103710483,58.2
"Chile",CHL,2021,103693578714,100881456526,-2812122188,315507493783,64.8
"Chile",CHL,2022,119270630425,107256627766,-12014002659,301099244104,75.2
"Chile",CHL,2023,100410335716,103343502222,2933166506,335802745366,60.7
"Chile",CHL,2024,99521252623,111066428902,11545176279,329260633699,64
"Chile",CHL,2025,108715223275,123520198503,14804975228,357371159575,65
"China",CHN,2019,2521036548137,2641188436776,120151888639,14560167101283,35.5
"China",CHN,2020,2409650385964,2739785089628,330134703664,14996414166715,34.3
"China",CHN,2021,3132116155606,3537510275664,405394120058,18201698719564,36.6
"China",CHN,2022,3166016135468,3705070541733,539054406265,18316765021690,37.5
"China",CHN,2023,3167502597276,3544871083631,377368486355,18270356654533,36.7
"China",CHN,2024,3280170243047,3828873971972,548703728925,18729668435848,38
"China",CHN,2025,3292280901123,4108470555118,816189653995,19498039388043,38
"Colombia",COL,2019,70067176051,51258795210,-18808380841,323031701193,37.6
"Colombia",COL,2020,55511423807,36557247849,-18954175958,270348342541,34.1
"Colombia",COL,2021,76006795312,51591453811,-24415341501,318524633225,40.1
"Colombia",COL,2022,96411719931,70468824549,-25942895382,345632492851,48.3
"Colombia",COL,2023,81912779953,65337018069,-16575761884,366901643683,40.1
"Colombia",COL,2024,85099669252,67618959764,-17480709488,420504033143,36.3
"Colombia",COL,2025,93242618943,68538536937,-24704082006,457410034203,35.4
"Comoros",COM,2019,352466445,152645349,-199821096,1195019532,42.3
"Comoros",COM,2020,343723734,69481186,-274242548,1225039197,33.7
"Comoros",COM,2021,417650095,128826173,-288823922,1299039312,42.1
"Comoros",COM,2022,479082920,165662687,-313420233,1279542249,50.4
"Comoros",COM,2023,500323922,151154559,-349169363,1465977684,44.4
"Comoros",COM,2024,519240067,148632461,-370607606,1610082688,41.5
"Comoros",COM,2025,573286721,168747748,-404538973,1814920856,40.9
"Congo (DRC)",COD,2019,15200849680,13335027132,-1865822548,46845900350,60.9
"Congo (DRC)",COD,2020,14559943991,13935463326,-624480665,46691989749,61
"Congo (DRC)",COD,2021,22184221686,22344866848,160645162,59067289574,75.4
"Congo (DRC)",COD,2022,31691354758,28746630294,-2944724464,70422346142,85.8
"Congo (DRC)",COD,2023,31210388008,29372039343,-1838348665,69843655425,86.7
"Congo (DRC)",COD,2024,36761361427,34599989015,-2161372412,75716176105,94.2
"Congo (DRC)",COD,2025,39977700113,39523166164,-454533949,91030531317,87.3
"Congo (Republic)",COG,2019,4944506821,7854704721,2910197900,13976637780,91.6
"Congo (Republic)",COG,2020,3278620369,4669939812,1391319443,11468687464,69.3
"Congo (Republic)",COG,2021,4849428753,7833386314,2983957561,14825690211,85.5
"Congo (Republic)",COG,2022,5433021714,10093186511,4660164797,15817030155,98.2
"Congo (Republic)",COG,2023,6023391374,8717056859,2693665485,15321055823,96.2
"Congo (Republic)",COG,2024,6352207277,8296952539,1944745262,15719986077,93.2
"Congo (Republic)",COG,2025,7117259247,7830871682,713612435,16306633779,91.7
"Costa Rica",CRI,2019,20249829099,22111572605,1861743506,64753504730,65.4
"Costa Rica",CRI,2020,17616395175,19908254024,2291858849,62806591555,59.7
"Costa Rica",CRI,2021,22479844381,23500424108,1020579727,65588938787,70.1
"Costa Rica",CRI,2022,27309613389,28818553202,1508939813,71001226361,79.1
"Costa Rica",CRI,2023,29178710518,33338594301,4159883783,87512637056,71.4
"Costa Rica",CRI,2024,31261918867,36297226371,5035307504,96715644331,69.9
"Costa Rica",CRI,2025,33590223066,39978465048,6388241982,102904921157,71.5
"Côte d'Ivoire",CIV,2019,13284189625,13683059069,398869444,60382894697,44.7
"Côte d'Ivoire",CIV,2020,13203807831,13231732415,27924584,63027852805,41.9
"Côte d'Ivoire",CIV,2021,16610109080,16230487159,-379621921,72794636654,45.1
"Côte d'Ivoire",CIV,2022,20283240453,17211097451,-3072143002,70922824814,52.9
"Côte d'Ivoire",CIV,2023,21311191335,18123337011,-3187854324,80780312569,48.8
"Côte d'Ivoire",CIV,2024,21984729877,22673827946,689098069,87113179149,51.3
"Côte d'Ivoire",CIV,2025,24716415281,29717948364,5001533083,99773555666,54.6
"Croatia",HRV,2019,31288902621,31035895645,-253006976,61467261345,101.4
"Croatia",HRV,2020,27975917844,23925674726,-4050243118,57959824238,89.5
"Croatia",HRV,2021,36254483911,34353885110,-1900598801,69002262505,102.3
"Croatia",HRV,2022,46917449045,42370596882,-4546852163,71196460237,125.4
"Croatia",HRV,2023,46843800747,45008887886,-1834912861,85621337533,107.3
"Croatia",HRV,2024,50927083435,46622456311,-4304627124,92981894168,104.9
"Croatia",HRV,2025,55696868835,50399507888,-5297360947,105060182186,101
"Cuba",CUB,2019,10971100000,12632000000,1660900000,103427600000,22.8
"Cuba",CUB,2020,8067000000,8769000000,702000000,107352000000,15.7
"Cuba",CUB,2021,0,0,0,0,0
"Cuba",CUB,2022,0,0,0,0,0
"Cuba",CUB,2023,0,0,0,0,0
"Cuba",CUB,2024,0,0,0,0,0
"Cuba",CUB,2025,0,0,0,0,0
"Cyprus",CYP,2019,19581296225,19846292633,264996408,26196660680,150.5
"Cyprus",CYP,2020,20705101713,20353920955,-351180758,25555082267,160.7
"Cyprus",CYP,2021,26141699845,27565547681,1423847836,30372637513,176.8
"Cyprus",CYP,2022,31557528864,32674705005,1117176141,31218047044,205.8
"Cyprus",CYP,2023,33094024493,33809206920,715182427,35075440603,190.7
"Cyprus",CYP,2024,35144136154,36513130971,1368994817,37634551821,190.4
"Cyprus",CYP,2025,37895679483,40225580413,2329900930,41225787247,189.5
"Czech Republic",CZE,2019,169560596976,185212440995,15651844019,256794209029,138.2
"Czech Republic",CZE,2020,153225751554,170154349910,16928598356,251109660603,128.8
"Czech Republic",CZE,2021,194451452690,205281381421,10829928731,290972714482,137.4
"Czech Republic",CZE,2022,216117395213,218554266387,2436871174,301831228326,144
"Czech Republic",CZE,2023,219076391731,236031278977,16954887246,345059295660,131.9
"Czech Republic",CZE,2024,217301727913,238995944035,21694216122,347082562221,131.5
"Czech Republic",CZE,2025,238895347774,261773375377,22878027603,391026962800,128
"Denmark",DNK,2019,182858534958,203616268094,20757733136,345401473013,111.9
"Denmark",DNK,2020,175669403452,195728280394,20058876942,355631021932,104.4
"Denmark",DNK,2021,215701858421,240447056409,24745197988,406110162088,112.3
"Denmark",DNK,2022,245032442024,283101737205,38069295181,400114306337,132
"Denmark",DNK,2023,244049390819,280481748657,36432357838,404651706118,129.6
"Denmark",DNK,2024,257954032293,301421099196,43467066903,424524722037,131.8
"Denmark",DNK,2025,273377454738,324310154070,50932699332,462526660468,129.2
"Djibouti",DJI,2019,4763668897,5149667175,385998278,3088851450,320.9
"Djibouti",DJI,2020,3414846867,3682879345,268032478,3144136197,225.7
"Djibouti",DJI,2021,4096786536,4842477816,745691280,3392796953,263.5
"Djibouti",DJI,2022,5096060679,5673808948,577748269,3562814909,302.3
"Djibouti",DJI,2023,5269169091,5876570580,607401489,3898447007,285.9
"Djibouti",DJI,2024,4767585148,5248946382,481361234,4152145940,241.2
"Djibouti",DJI,2025,4430416214,5109812571,679396357,4624533092,206.3
"Dominica",DMA,2019,0,0,0,644259259,0
"Dominica",DMA,2020,0,0,0,528944444,0
"Dominica",DMA,2021,0,0,0,562911111,0
"Dominica",DMA,2022,0,0,0,623062963,0
"Dominica",DMA,2023,0,0,0,659311111,0
"Dominica",DMA,2024,0,0,0,688881481,0
"Dominica",DMA,2025,0,0,0,723859259,0
"Dominican Republic",DOM,2019,24593322194,20793631484,-3799690710,89146130745,50.9
"Dominican Republic",DOM,2020,20371828907,14764580794,-5607248113,78546672407,44.7
"Dominican Republic",DOM,2021,28855223090,20419747259,-8435475831,94850719517,52
"Dominican Republic",DOM,2022,36712448617,24994898871,-11717549746,113478103598,54.4
"Dominican Republic",DOM,2023,34354476733,25685265157,-8669211576,120456239154,49.8
"Dominican Republic",DOM,2024,36061223105,28296491456,-7764731649,124282245639,51.8
"Dominican Republic",DOM,2025,35489329537,30119023791,-5370305746,127407463759,51.5
"Ecuador",ECU,2019,25859813000,25875328000,15515000,107595830000,48.1
"Ecuador",ECU,2020,19849664000,22320897000,2471233000,95865473000,44
"Ecuador",ECU,2021,28075880000,29009062000,933182000,107179074000,53.3
"Ecuador",ECU,2022,35949643000,35914453000,-35190000,116133121000,61.9
"Ecuador",ECU,2023,34441841000,34606578000,164737000,120792801000,57.2
"Ecuador",ECU,2024,33359499000,37757097000,4397598000,123802374000,57.4
"Ecuador",ECU,2025,36383153500,40970936400,4587782900,130320560400,59.4
"Egypt",EGY,2019,78012528474,53041002278,-24971526196,318678815490,41.1
"Egypt",EGY,2020,75433562071,47872738615,-27560823456,383817841547,32.1
"Egypt",EGY,2021,81943913321,44850223072,-37093690249,424671765456,29.9
"Egypt",EGY,2022,104389057751,71927051672,-32462006079,476747720365,37
"Egypt",EGY,2023,84507685810,75645996852,-8861688958,395926071448,40.5
"Egypt",EGY,2024,90357257364,63713393301,-26643864063,389059910593,39.6
"Egypt",EGY,2025,115107510878,72393571622,-42713939256,365254630180,51.3
"El Salvador",SLV,2019,12388470000,8052490000,-4335980000,26881140000,76
"El Salvador",SLV,2020,10450130000,6112370000,-4337760000,24921190000,66.5
"El Salvador",SLV,2021,15411330000,8359050000,-7052280000,29043140000,81.8
"El Salvador",SLV,2022,17932560000,10336590000,-7595970000,31870110000,88.7
"El Salvador",SLV,2023,17125220000,9664110000,-7461110000,33565430000,79.8
"El Salvador",SLV,2024,18494180000,11391670000,-7102510000,34879730000,85.7
"El Salvador",SLV,2025,20597470000,11763690000,-8833780000,36708110000,88.2
"Equatorial Guinea",GNQ,2019,4971586018,5810566664,838980646,11364133550,94.9
"Equatorial Guinea",GNQ,2020,3668867870,4041173656,372305786,9893816008,77.9
"Equatorial Guinea",GNQ,2021,3889425323,5512726595,1623301272,12215878033,77
"Equatorial Guinea",GNQ,2022,3948328172,7249945761,3301617589,13687643436,81.8
"Equatorial Guinea",GNQ,2023,2870078833,4741380525,1871301692,12541814273,60.7
"Equatorial Guinea",GNQ,2024,3885243289,5961375350,2076132061,13254388261,74.3
"Equatorial Guinea",GNQ,2025,3643355302,5965354779,2321999477,12823210426,74.9
"Eritrea",ERI,2019,0,0,0,0,0
"Eritrea",ERI,2020,0,0,0,0,0
"Eritrea",ERI,2021,0,0,0,0,0
"Eritrea",ERI,2022,0,0,0,0,0
"Eritrea",ERI,2023,0,0,0,0,0
"Eritrea",ERI,2024,0,0,0,0,0
"Eritrea",ERI,2025,0,0,0,0,0
"Estonia",EST,2019,21780286721,22955204325,1174917604,31873748770,140.4
"Estonia",EST,2020,22032093730,21687304702,-344789028,31820771494,137.4
"Estonia",EST,2021,30079327378,29617994789,-461332589,37201101171,160.5
"Estonia",EST,2022,33737756552,33421529205,-316227347,38226641740,175.7
"Estonia",EST,2023,31856671495,32253419230,396747735,41470344395,154.6
"Estonia",EST,2024,32506629311,32636565839,129936528,43130419829,151
"Estonia",EST,2025,36400718572,36854468951,453750379,47030833799,155.8
"Eswatini",SWZ,2019,1933575698,2066646226,133070528,4617018959,86.6
"Eswatini",SWZ,2020,1670857423,1802851571,131994148,4134677810,84
"Eswatini",SWZ,2021,2178506944,2144557155,-33949789,4807069277,89.9
"Eswatini",SWZ,2022,2282013574,2112045177,-169968397,4746660274,92.6
"Eswatini",SWZ,2023,2367140007,2241325006,-125815001,4621191262,99.7
"Eswatini",SWZ,2024,2610423259,2611937419,1514160,4858885841,107.5
"Eswatini",SWZ,2025,0,0,0,5160679613,0
"Ethiopia",ETH,2019,19170757495,7291628540,-11879128955,91834517114,28.8
"Ethiopia",ETH,2020,16655574515,7032893577,-9622680938,98676811062,24
"Ethiopia",ETH,2021,18229409472,8323978508,-9905430964,109070960371,24.3
"Ethiopia",ETH,2022,22598141428,10151637926,-12446503502,123140304665,26.6
"Ethiopia",ETH,2023,19025475348,8962144166,-10063331182,135874093203,20.6
"Ethiopia",ETH,2024,17760943867,8294520633,-9466423234,149740297952,17.4
"Ethiopia",ETH,2025,25494178576,16785187368,-8708991208,126358758448,33.5
"Fiji",FJI,2019,3209508640,2707100051,-502408589,5344907153,110.7
"Fiji",FJI,2020,1973114226,1327735781,-645378445,4227719873,78.1
"Fiji",FJI,2021,2204446660,1422753332,-781693328,4158873156,87.2
"Fiji",FJI,2022,3446341363,2487954295,-958387068,4977861886,119.2
"Fiji",FJI,2023,3766590745,3149469474,-617121271,5476673518,126.3
"Fiji",FJI,2024,3852841335,3247013182,-605828153,5968125909,119
"Fiji",FJI,2025,0,0,0,6198013062,0
"Finland",FIN,2019,106661292345,108456929459,1795637114,267014821129,80.6
"Finland",FIN,2020,97119792948,97778840103,659047155,270000311606,72.2
"Finland",FIN,2021,117299452992,117459122934,159669942,294223210496,79.8
"Finland",FIN,2022,135299901222,129714531245,-5585369977,280253099309,94.6
"Finland",FIN,2023,126181886286,126248924941,67038655,295191741637,85.5
"Finland",FIN,2024,124115485971,125177301211,1061815240,298729432712,83.5
"Finland",FIN,2025,130205696940,134192277448,3986580508,317039368820,83.4
"France",FRA,2019,913209092424,895514342479,-17694749945,2722793515172,66.4
"France",FRA,2020,801836174373,756174143647,-45662030726,2647926055110,58.8
"France",FRA,2021,964103785592,928139254791,-35964530801,2966433692008,63.8
"France",FRA,2022,1099664152806,1023340977697,-76323175109,2794788137067,76
"France",FRA,2023,1105442442028,1053069574155,-52372867873,3056250648138,70.6
"France",FRA,2024,1081453951069,1071066237472,-10387713597,3160442622465,68.1
"France",FRA,2025,1137799795607,1124107902931,-13691892676,3366315927447,67.2
"Gabon",GAB,2019,3711865707,8678687832,4966822125,16874405465,73.4
"Gabon",GAB,2020,3454238782,7302825066,3848586284,15342236164,70.1
"Gabon",GAB,2021,4746351486,11849572429,7103220943,19444935097,85.3
"Gabon",GAB,2022,5004762839,13813536175,8808773336,20440655695,92.1
"Gabon",GAB,2023,5380346060,12355875610,6975529550,19388372071,91.5
"Gabon",GAB,2024,5739732546,13494077458,7754344912,20895684426,92
"Gabon",GAB,2025,6299423683,11890462993,5591039310,21427119323,84.9
"Gambia",GMB,2019,649852995,365730558,-284122437,1813609692,56
"Gambia",GMB,2020,684780894,174106926,-510673968,1812170891,47.4
"Gambia",GMB,2021,714636610,133283633,-581352977,2014158842,42.1
"Gambia",GMB,2022,797057190,188942456,-608114734,2204734528,44.7
"Gambia",GMB,2023,783973746,168026282,-615947464,2382262185,40
"Gambia",GMB,2024,803756501,210399923,-593356578,2404888738,42.2
"Gambia",GMB,2025,1282337369,330185893,-952151476,2593673988,62.2
"Georgia",GEO,2019,11201362124,9578376986,-1622985138,17638337117,117.8
"Georgia",GEO,2020,8964607358,5908062643,-3056544715,16010869216,92.9
"Georgia",GEO,2021,11109489894,8045446645,-3064043249,18853115589,101.6
"Georgia",GEO,2022,15544538955,13111621768,-2432917187,24984568960,114.7
"Georgia",GEO,2023,17815477929,15163333695,-2652144234,30777833601,107.2
"Georgia",GEO,2024,19023475636,16347695358,-2675780278,34189423333,103.5
"Georgia",GEO,2025,20300929831,18082223922,-2218705909,38143612855,100.6
"Germany",DEU,2019,1454588084839,1676629137012,222041052173,3959894794039,79.1
"Germany",DEU,2020,1332733837256,1541867660412,209133823156,3941398957074,72.9
"Germany",DEU,2021,1628851031194,1851846071996,222995040802,4355251953411,79.9
"Germany",DEU,2022,1813049636002,1916859170749,103809534747,4201021706479,88.8
"Germany",DEU,2023,1779045873341,1960255682616,181209809275,4562207532490,82
"Germany",DEU,2024,1764438191611,1941431210622,176993019011,4685592577805,79.1
"Germany",DEU,2025,1923292318697,2042329262308,119036943611,5050922925047,78.5
"Ghana",GHA,2019,26913986432,25597786148,-1316200284,68352629246,76.8
"Ghana",GHA,2020,24537944240,22070393252,-2467550988,70008243860,66.6
"Ghana",GHA,2021,25963543827,23898089227,-2065454600,79514204730,62.7
"Ghana",GHA,2022,26205330554,25623315467,-582015087,73919003212,70.1
"Ghana",GHA,2023,26272099172,25590486225,-681612947,80547146876,64.4
"Ghana",GHA,2024,28244066026,29197465999,953399973,83288585604,69
"Ghana",GHA,2025,0,0,0,114209905279,0
"Greece",GRC,2019,85057106801,82010713282,-3046393519,207305649887,80.6
"Greece",GRC,2020,74331725301,60184486580,-14147238721,191362985555,70.3
"Greece",GRC,2021,104244992302,87890002523,-16354989779,218303801895,88
"Greece",GRC,2022,128374908057,107320103000,-21054805057,217990189601,108.1
"Greece",GRC,2023,118150196971,106504786801,-11645410170,242946187738,92.5
"Greece",GRC,2024,122135634583,107906278861,-14229355722,256238371778,89.8
"Greece",GRC,2025,123451154938,110743741990,-12707412948,280635521324,83.5
"Grenada",GRD,2019,0,0,0,1213485185,0
"Grenada",GRD,2020,0,0,0,1043411111,0
"Grenada",GRD,2021,0,0,0,1122222222,0
"Grenada",GRD,2022,0,0,0,1224007407,0
"Grenada",GRD,2023,0,0,0,1336418519,0
"Grenada",GRD,2024,0,0,0,1351270370,0
"Grenada",GRD,2025,0,0,0,1420173229,0
"Guatemala",GTM,2019,21534755034,13591570047,-7943184987,77172331693,45.5
"Guatemala",GTM,2020,19272211250,12702168189,-6570043061,77719468248,41.1
"Guatemala",GTM,2021,27347172006,15241812022,-12105359984,86455522273,49.3
"Guatemala",GTM,2022,33938882281,18119750230,-15819132051,95609727056,54.4
"Guatemala",GTM,2023,33075327753,17331724160,-15743603593,104298081429,48.3
"Guatemala",GTM,2024,35574411055,17982554316,-17591856739,113215575151,47.3
"Guatemala",GTM,2025,38185944239,19185393858,-19000550381,123306008821,46.5
"Guinea",GIN,2019,5830607792,4710654158,-1119953634,13442861496,78.4
"Guinea",GIN,2020,9692379046,6617433829,-3074945217,14088693743,115.8
"Guinea",GIN,2021,10066835236,9596023581,-470811655,17069115738,115.2
"Guinea",GIN,2022,9705672892,9043059038,-662613854,19910452542,94.2
"Guinea",GIN,2023,11584168920,9888943025,-1695225895,22407615556,95.8
"Guinea",GIN,2024,14101095980,10351843899,-3749252081,25008678293,97.8
"Guinea",GIN,2025,17649957799,11738637526,-5911320273,28346024753,103.7
"Guinea-Bissau",GNB,2019,505407400,291804551,-213602849,1596214680,49.9
"Guinea-Bissau",GNB,2020,467483043,263737479,-203745564,1705062170,42.9
"Guinea-Bissau",GNB,2021,520356066,334639592,-185716474,1907611288,44.8
"Guinea-Bissau",GNB,2022,579925814,273823397,-306102417,1856239955,46
"Guinea-Bissau",GNB,2023,595898979,285372470,-310526509,2076748678,42.4
"Guinea-Bissau",GNB,2024,608204857,279080314,-329124543,2197777210,40.4
"Guinea-Bissau",GNB,2025,682869562,350530221,-332339341,2527930273,40.9
"Guyana",GUY,2019,0,0,0,5173760192,0
"Guyana",GUY,2020,0,0,0,5471256595,0
"Guyana",GUY,2021,0,0,0,8041362110,0
"Guyana",GUY,2022,0,0,0,14718388489,0
"Guyana",GUY,2023,0,0,0,16918503597,0
"Guyana",GUY,2024,0,0,0,24662714628,0
"Guyana",GUY,2025,0,0,0,27097477218,0
"Haiti",HTI,2019,5107129495,1585349843,-3521779652,15016090930,44.6
"Haiti",HTI,2020,4318064226,1110024755,-3208039471,14508222518,37.4
"Haiti",HTI,2021,6031369600,903284255,-5128085345,20754978152,33.4
"Haiti",HTI,2022,5201283685,787285238,-4413998447,20113007126,29.8
"Haiti",HTI,2023,4315356249,626235384,-3689120865,19572288894,25.2
"Haiti",HTI,2024,3993530417,531304704,-3462225713,24255657481,18.7
"Haiti",HTI,2025,4595232441,500396995,-4094835446,32077278409,15.9
"Honduras",HND,2019,14740482899,10007263183,-4733219716,24882225742,99.5
"Honduras",HND,2020,12172518450,8377646121,-3794872329,23352232484,88
"Honduras",HND,2021,18014411249,11079128213,-6935283036,28144331507,103.4
"Honduras",HND,2022,22079730542,13336955013,-8742775529,31426041807,112.7
"Honduras",HND,2023,21102469278,12838311191,-8264158087,34355805528,98.8
"Honduras",HND,2024,21355235204,12544270435,-8810964769,36980171442,91.7
"Honduras",HND,2025,22380972289,13857222810,-8523749479,39601409103,91.5
"Hungary",HUN,2019,130068829560,133707076997,3638247437,164936682034,159.9
"Hungary",HUN,2020,121131840171,123744764554,2612924383,158468487754,154.5
"Hungary",HUN,2021,146215765500,145547409482,-668356018,183282685440,159.2
"Hungary",HUN,2022,168435332297,158966257003,-9469075294,177002580544,185
"Hungary",HUN,2023,164525537991,173379370601,8853832610,213029511029,158.6
"Hungary",HUN,2024,159846246260,169805683763,9959437503,222848211034,147.9
"Hungary",HUN,2025,167980299598,179026907176,11046607578,246490213513,140.8
"Iceland",ISL,2019,9764032621,11172065684,1408033063,24985687022,83.8
"Iceland",ISL,2020,7605549122,7522355306,-83193816,22034665041,68.7
"Iceland",ISL,2021,10196648319,9802647461,-394000858,26234872402,76.2
"Iceland",ISL,2022,13505975928,13632709462,126733534,29176227825,93
"Iceland",ISL,2023,13715643196,13940823776,225180580,31701996434,87.2
"Iceland",ISL,2024,14510626908,14090127915,-420498993,33186621855,86.2
"Iceland",ISL,2025,16348934321,15476918000,-872016321,38582528789,82.5
"India",IND,2019,602315056053,529245063167,-73069992886,2835606256558,39.9
"India",IND,2020,510244747372,499728529073,-10516218299,2674851578587,37.8
"India",IND,2021,760902891806,677769255429,-83133636377,3167270623260,45.4
"India",IND,2022,866361019119,781290791564,-85070227555,3249938492013,50.7
"India",IND,2023,839102411987,782620610192,-56481801795,3500906030645,46.3
"India",IND,2024,897055898132,829785193474,-67270704658,3760813470501,45.9
"India",IND,2025,949660225776,880740846622,-68919379154,3956067115772,46.3
"Indonesia",IDN,2019,213034646335,208057763659,-4976882676,1119099871350,37.6
"Indonesia",IDN,2020,165646843302,183546577017,17899733715,1059054842698,33
"Indonesia",IDN,2021,222923845056,254109508154,31185663098,1186509691087,40.2
"Indonesia",IDN,2022,276506804558,323218198016,46711393458,1319101183380,45.5
"Indonesia",IDN,2023,269460535789,299031805851,29571270062,1371166925750,41.5
"Indonesia",IDN,2024,286245903351,311510024779,25264121428,1396301788462,42.8
"Indonesia",IDN,2025,297002335695,330279431219,33277095524,1445642584164,43.4
"Iran",IRN,2019,91441131367,77652596277,-13788535090,347988400958,48.6
"Iran",IRN,2020,71621658126,51664876276,-19956781850,280934329280,43.9
"Iran",IRN,2021,84130836516,89695394080,5564557564,407350685583,42.7
"Iran",IRN,2022,98698959865,108060448022,9361488157,422662261526,48.9
"Iran",IRN,2023,116536624174,109444045104,-7092579070,457510482317,49.4
"Iran",IRN,2024,135497500556,111928863188,-23568637368,475252089215,52.1
"Iran",IRN,2025,125082704286,93406513015,-31676191271,362682115433,60.2
"Iraq",IRQ,2019,72282500000,88902900000,16620400000,233636097800,69
"Iraq",IRQ,2020,54255237619,50199918398,-4055319221,180898797517,57.7
"Iraq",IRQ,2021,50706900000,78260500000,27553600000,209691945713,61.5
"Iraq",IRQ,2022,69638475862,127955205517,58316729655,287372232138,68.8
"Iraq",IRQ,2023,80207455824,106560874026,26353418202,268881051644,69.5
"Iraq",IRQ,2024,104517100000,111195200000,6678100000,279641257615,77.1
"Iraq",IRQ,2025,0,0,0,254367293538,0
"Ireland",IRL,2019,514830799947,534361678398,19530878451,407211793801,257.7
"Ireland",IRL,2020,518713605706,609592461958,90878856252,436009027819,258.8
"Ireland",IRL,2021,501936785224,723445227903,221508442679,530394123830,231
"Ireland",IRL,2022,538742737110,764969597259,226226860149,548341794599,237.8
"Ireland",IRL,2023,585093268388,774613383952,189520115564,567372737459,239.6
"Ireland",IRL,2024,622469214439,877092941905,254623727466,609157459747,246.2
"Ireland",IRL,2025,720923704651,1010863026885,289939322234,721701359046,240
"Israel",ISR,2019,109553655514,116111159420,6557503906,399207771082,56.5
"Israel",ISR,2020,98559641596,111580807004,13021165408,410908899711,51.1
"Israel",ISR,2021,127330211936,141134707991,13804496055,489735019666,54.8
"Israel",ISR,2022,153716570794,164717379095,11000808301,525157951213,60.6
"Israel",ISR,2023,141949720798,155704384530,13754663732,513393395492,58
"Israel",ISR,2024,140903132496,154003411595,13100279099,542284494491,54.4
"Israel",ISR,2025,155326013611,168320379116,12994365505,610777842874,53
"Italy",ITA,2019,560326098494,625065757186,64739658692,2019606796584,58.7
"Italy",ITA,2020,480945200913,547940256805,66995055892,1907481094079,53.9
"Italy",ITA,2021,634811260436,679294123498,44482863062,2179207773596,60.3
"Italy",ITA,2022,776766269323,738509644129,-38256625194,2104067630319,72
"Italy",ITA,2023,736153956396,772202263040,36048306644,2316882296366,65.1
"Italy",ITA,2024,721169108147,770685525117,49516416970,2383435562458,62.6
"Italy",ITA,2025,773024967144,822290762950,49265795806,2551556954100,62.5
"Jamaica",JAM,2019,0,0,0,17026269263,0
"Jamaica",JAM,2020,0,0,0,15000214216,0
"Jamaica",JAM,2021,0,0,0,15963885376,0
"Jamaica",JAM,2022,0,0,0,18813516805,0
"Jamaica",JAM,2023,0,0,0,21418797833,0
"Jamaica",JAM,2024,0,0,0,22014429051,0
"Jamaica",JAM,2025,0,0,0,22704903218,0
"Japan",JPN,2019,908590987611,893761110034,-14829877577,5245755000479,34.4
"Japan",JPN,2020,798645128767,785057625362,-13587503405,5189197543645,30.5
"Japan",JPN,2021,938755726387,912551747360,-26203979027,5225933520753,35.4
"Japan",JPN,2022,1076977967309,918412226914,-158565740395,4447976207315,44.9
"Japan",JPN,2023,988160815442,923420059651,-64740755791,4384854269962,43.6
"Japan",JPN,2024,958381808469,920960002390,-37421806079,4190008188359,44.9
"Japan",JPN,2025,0,0,0,4435162999977,0
"Jordan",JOR,2019,0,0,0,48640273803,0
"Jordan",JOR,2020,0,0,0,47931770986,0
"Jordan",JOR,2021,0,0,0,50702940986,0
"Jordan",JOR,2022,0,0,0,53516930141,0
"Jordan",JOR,2023,0,0,0,56123472113,0
"Jordan",JOR,2024,0,0,0,58618380563,0
"Jordan",JOR,2025,0,0,0,61610052535,0
"Kazakhstan",KAZ,2019,51629140773,66197682052,14568541279,181667184855,64.9
"Kazakhstan",KAZ,2020,45332610743,52229576023,6896965280,171082365861,57
"Kazakhstan",KAZ,2021,49324871011,66318146546,16993275535,197112255361,58.7
"Kazakhstan",KAZ,2022,60354782089,93736589050,33381806961,225496328925,68.3
"Kazakhstan",KAZ,2023,72487044600,90729107012,18242062412,261840101060,62.3
"Kazakhstan",KAZ,2024,74543688674,92070351467,17526662793,291480274649,57.2
"Kazakhstan",KAZ,2025,0,0,0,306239209650,0
"Kenya",KEN,2019,20408407784,11471243360,-8937164424,100378436207,31.8
"Kenya",KEN,2020,19082744157,11516270712,-7566473445,100657505751,30.4
"Kenya",KEN,2021,24016664626,14381862480,-9634802146,109703658905,35
"Kenya",KEN,2022,27832040675,18262655905,-9569384770,114448978153,40.3
"Kenya",KEN,2023,26037169470,17966992983,-8070176487,107500884685,40.9
"Kenya",KEN,2024,27873592864,20292950694,-7580642170,120397537850,40
"Kenya",KEN,2025,29576712519,21429875347,-8146837172,135941278879,37.5
"Kiribati",KIR,2019,180817477,32509630,-148307847,216891541,98.4
"Kiribati",KIR,2020,150178033,23017531,-127160502,220909307,78.4
"Kiribati",KIR,2021,201765234,10754927,-191010307,285451584,74.5
"Kiribati",KIR,2022,270259461,20535972,-249723489,271214375,107.2
"Kiribati",KIR,2023,293469859,17086211,-276383648,291657338,106.5
"Kiribati",KIR,2024,334898683,15496547,-319402136,343153235,102.1
"Kiribati",KIR,2025,0,0,0,349227254,0
"Korea (North)",PRK,2019,0,0,0,0,0
"Korea (North)",PRK,2020,0,0,0,0,0
"Korea (North)",PRK,2021,0,0,0,0,0
"Korea (North)",PRK,2022,0,0,0,0,0
"Korea (North)",PRK,2023,0,0,0,0,0
"Korea (North)",PRK,2024,0,0,0,0,0
"Korea (North)",PRK,2025,0,0,0,0,0
"Korea (South)",KOR,2019,602460189255,648610576583,46150387328,1751045752055,71.4
"Korea (South)",KOR,2020,539436709934,603713417774,64276707840,1744070276373,65.5
"Korea (South)",KOR,2021,698601348291,764083221346,65481873055,1942313560966,75.3
"Korea (South)",KOR,2022,814936711591,815019022384,82310793,1799363116867,90.6
"Korea (South)",KOR,2023,755197457230,762299062736,7101605506,1844800934392,82.3
"Korea (South)",KOR,2024,755486201522,831889172091,76402970569,1875388209407,84.6
"Korea (South)",KOR,2025,760157311935,856855674924,96698362989,1872374961553,86.4
"Kuwait",KWT,2019,55817806338,73327382736,17509576398,140856394861,91.7
"Kuwait",KWT,2020,42529707772,48541470057,6011762285,111045470606,82
"Kuwait",KWT,2021,44912694808,76735412391,31822717583,148350671489,82
"Kuwait",KWT,2022,55913469388,110924408163,55010938775,183502046694,90.9
"Kuwait",KWT,2023,63425622996,95475365008,32049742012,165462656227,96
"Kuwait",KWT,2024,61521205383,89713098852,28191893469,160903106639,94
"Kuwait",KWT,2025,0,0,0,157209026926,0
"Kyrgyzstan",KGZ,2019,5712149572,3137172121,-2574977451,9371275264,94.4
"Kyrgyzstan",KGZ,2020,4086471676,2446559920,-1639911756,8270468614,79
"Kyrgyzstan",KGZ,2021,5961602074,3311706968,-2649895106,9249133946,100.3
"Kyrgyzstan",KGZ,2022,10611929974,5622995972,-4988934002,12134931018,133.8
"Kyrgyzstan",KGZ,2023,14495454762,5599943025,-8895511737,15180842369,132.4
"Kyrgyzstan",KGZ,2024,15134031705,8494384868,-6639646837,18161630699,130.1
"Kyrgyzstan",KGZ,2025,14840274240,6065757632,-8774516608,22623752095,92.4
"Laos",LAO,2019,0,0,0,18740561513,0
"Laos",LAO,2020,0,0,0,18981805250,0
"Laos",LAO,2021,0,0,0,18827148531,0
"Laos",LAO,2022,0,0,0,15468785204,0
"Laos",LAO,2023,0,0,0,15843155731,0
"Laos",LAO,2024,0,0,0,16502933121,0
"Laos",LAO,2025,0,0,0,18302970219,0
"Latvia",LVA,2019,20771523762,20699384825,-72138937,33099503951,125.3
"Latvia",LVA,2020,20436512014,20915609598,479097584,33379927435,123.9
"Latvia",LVA,2021,26722730485,25510768210,-1211962275,38183326785,136.8
"Latvia",LVA,2022,31311327145,29453042752,-1858284393,38003198509,159.9
"Latvia",LVA,2023,29797383500,28230078137,-1567305363,42779550937,135.6
"Latvia",LVA,2024,29237162725,28540727743,-696434982,44001275013,131.3
"Latvia",LVA,2025,32648277350,30422285148,-2225992202,48618869160,129.7
"Lebanon",LBN,2019,21820628748,10681277028,-11139351720,51605959131,63
"Lebanon",LBN,2020,10705132083,5192095746,-5513036337,31712128254,50.1
"Lebanon",LBN,2021,12214357414,6020232988,-6194124426,23131941557,78.8
"Lebanon",LBN,2022,16806427844,7311404299,-9495023545,20992421949,114.9
"Lebanon",LBN,2023,14788907443,6134302023,-8654605420,20078620357,104.2
"Lebanon",LBN,2024,15301404346,6055691106,-9245713240,25971643441,82.2
"Lebanon",LBN,2025,0,0,0,0,0
"Lesotho",LSO,2019,2254606913,1104727470,-1149879443,2390702296,140.5
"Lesotho",LSO,2020,1984851479,912849307,-1072002172,2053699864,141.1
"Lesotho",LSO,2021,2244255203,1113103703,-1131151500,2412130057,139.2
"Lesotho",LSO,2022,2257663700,1095216446,-1162447254,2354980960,142.4
"Lesotho",LSO,2023,2088115593,909092611,-1179022982,2129871530,140.7
"Lesotho",LSO,2024,2464664898,1181428558,-1283236340,2391282548,152.5
"Lesotho",LSO,2025,2688114188,1274711831,-1413402357,2573572920,154
"Liberia",LBR,2019,0,0,0,3319596500,0
"Liberia",LBR,2020,0,0,0,3176126300,0
"Liberia",LBR,2021,0,0,0,3513049500,0
"Liberia",LBR,2022,0,0,0,4001047000,0
"Liberia",LBR,2023,0,0,0,4390000000,0
"Liberia",LBR,2024,0,0,0,4779300900,0
"Liberia",LBR,2025,0,0,0,5245938900,0
"Libya",LBY,2019,25373910344,29332965258,3959054914,69254496472,79
"Libya",LBY,2020,14343035443,9541308319,-4801727124,46854285441,51
"Libya",LBY,2021,25437768930,32419787681,6982018751,35217995647,164.3
"Libya",LBY,2022,27824997263,39778344211,11953346948,43246297922,156.3
"Libya",LBY,2023,33227339435,37688122857,4460783422,44027664915,161.1
"Libya",LBY,2024,31895727005,34779502869,2883775864,48487151215,137.5
"Libya",LBY,2025,31718873358,34493399342,2774525984,48098909614,137.7
"Liechtenstein",LIE,2019,0,0,0,6436467007,0
"Liechtenstein",LIE,2020,0,0,0,6405870210,0
"Liechtenstein",LIE,2021,0,0,0,7912602342,0
"Liechtenstein",LIE,2022,0,0,0,7426856243,0
"Liechtenstein",LIE,2023,0,0,0,8239379403,0
"Liechtenstein",LIE,2024,0,0,0,8905764270,0
"Liechtenstein",LIE,2025,0,0,0,0,0
"Lithuania",LTU,2019,39443296205,42344067360,2900771155,55122066226,148.4
"Lithuania",LTU,2020,36377346995,41586229553,5208882558,57412038533,135.8
"Lithuania",LTU,2021,50396505475,53381777500,2985272025,67072165721,154.7
"Lithuania",LTU,2022,63129065381,61643097917,-1485967464,70639687326,176.6
"Lithuania",LTU,2023,57902756764,61017599737,3114842973,80356613555,148
"Lithuania",LTU,2024,58552399718,63222232837,4669833119,85503938574,142.4
"Lithuania",LTU,2025,65811494795,69488132228,3676637433,95210150818,142.1
"Luxembourg",LUX,2019,123031122937,144341752039,21310629102,69872035114,382.7
"Luxembourg",LUX,2020,126083441971,150610309021,24526867050,73670782100,375.6
"Luxembourg",LUX,2021,157127164920,186265544320,29138379400,86386759695,397.5
"Luxembourg",LUX,2022,153417111267,179628968244,26211856977,80801680397,412.2
"Luxembourg",LUX,2023,164425595345,193009113165,28583517820,88788881539,402.6
"Luxembourg",LUX,2024,149000525635,178661670861,29661145226,93279851863,351.3
"Luxembourg",LUX,2025,161209915493,192728057158,31518141665,101157829491,349.9
"Madagascar",MDG,2019,4820540218,4009166482,-811373736,14104664679,62.6
"Madagascar",MDG,2020,3767772595,2628831061,-1138941534,13051441204,49
"Madagascar",MDG,2021,4611346609,3314741894,-1296604715,14354731964,55.2
"Madagascar",MDG,2022,6130820186,4680944199,-1449875987,15342178598,70.5
"Madagascar",MDG,2023,5779521890,4285471210,-1494050680,16036707976,62.8
"Madagascar",MDG,2024,5898719063,4223672838,-1675046225,17592832696,57.5
"Madagascar",MDG,2025,6456688115,4185661511,-2271026604,19620352036,54.2
"Malawi",MWI,2019,3448840701,1435575611,-2013265090,11051852713,44.2
"Malawi",MWI,2020,3534041141,1295183976,-2238857165,11769313598,41
"Malawi",MWI,2021,3946615438,1573501118,-2373114320,12378119199,44.6
"Malawi",MWI,2022,4011385129,1409751313,-2601633816,12429059928,43.6
"Malawi",MWI,2023,4168480304,1502749518,-2665730786,13363669673,42.4
"Malawi",MWI,2024,3463528705,1276619389,-2186909316,11311971400,41.9
"Malawi",MWI,2025,4289095538,1588626336,-2700469202,14918276698,39.4
"Malaysia",MYS,2019,210893037729,238379861290,27486823561,365177721022,123
"Malaysia",MYS,2020,186310380061,207798540353,21488160292,337456163961,116.8
"Malaysia",MYS,2021,236990392678,264015450976,27025058298,373784553030,134
"Malaysia",MYS,2022,283918591272,313245644474,29327053202,407830525990,146.4
"Malaysia",MYS,2023,255625703550,274681075590,19055372040,399949418753,132.6
"Malaysia",MYS,2024,278760544031,301221326764,22460782733,422227005429,137.4
"Malaysia",MYS,2025,308949499863,335105024619,26155524756,472193128645,136.4
"Maldives",MDV,2019,4100560296,3751360418,-349199878,5726094799,137.1
"Maldives",MDV,2020,2454800260,1791004989,-663795271,3712604583,114.4
"Maldives",MDV,2021,3493320711,3997066754,503746043,5252457370,142.6
"Maldives",MDV,2022,4915296259,5106680724,191384465,6177123352,162.2
"Maldives",MDV,2023,4986030514,4902444408,-83586106,6621008704,149.3
"Maldives",MDV,2024,5526396213,5523181581,-3214632,7061608267,156.5
"Maldives",MDV,2025,0,0,0,7741066861,0
"Mali",MLI,2019,6608368701,4449175629,-2159193072,20477421885,54
"Mali",MLI,2020,6395707971,5204085878,-1191622093,20698560939,56
"Mali",MLI,2021,7654213178,5389820861,-2264392317,22999245263,56.7
"Mali",MLI,2022,8009736750,5866178905,-2143557845,22539987719,61.6
"Mali",MLI,2023,8137764865,6141554207,-1996210658,24777941861,57.6
"Mali",MLI,2024,7343580593,5974568257,-1369012336,26761281077,49.8
"Mali",MLI,2025,8027088524,6638297560,-1388790964,30069148581,48.8
"Malta",MLT,2019,17734735447,20343821137,2609085690,16337788881,233.1
"Malta",MLT,2020,18439993420,21318525672,2878532252,16404655808,242.4
"Malta",MLT,2021,19984289923,23436235792,3451945869,19730119031,220.1
"Malta",MLT,2022,22022511474,24298465496,2275954022,18938869147,244.6
"Malta",MLT,2023,22938681424,27093456125,4154774701,22625329776,221.1
"Malta",MLT,2024,24854594466,29670971076,4816376610,25042712191,217.7
"Malta",MLT,2025,27745379956,33078900363,5333520407,27771821561,219
"Marshall Islands",MHL,2019,270037900,86317100,-183720800,232900000,153
"Marshall Islands",MHL,2020,174912100,85811100,-89101000,241800000,107.8
"Marshall Islands",MHL,2021,193524800,120116600,-73408200,261245500,120.1
"Marshall Islands",MHL,2022,228608400,103432100,-125176300,258723500,128.3
"Marshall Islands",MHL,2023,211000000,101000000,-110000000,264000000,118.2
"Marshall Islands",MHL,2024,231000000,106000000,-125000000,285000000,118.2
"Marshall Islands",MHL,2025,246000000,111000000,-135000000,308000000,115.9
"Mauritania",MRT,2019,4033369861,3347184840,-686185021,7894764886,93.5
"Mauritania",MRT,2020,3747824684,3420379134,-327445550,8260567357,86.8
"Mauritania",MRT,2021,4467674565,3675141708,-792532857,9221044667,88.3
"Mauritania",MRT,2022,5956297149,3799926864,-2156370285,9562497461,102
"Mauritania",MRT,2023,5745446437,4104773824,-1640672613,10687541640,92.2
"Mauritania",MRT,2024,5677643653,4505172132,-1172471521,10879212033,93.6
"Mauritania",MRT,2025,6327162514,4654787700,-1672374814,11679910946,94
"Mauritius",MUS,2019,9899441321,8837804270,-1061637051,14645235205,127.9
"Mauritius",MUS,2020,7606361594,6403116604,-1203244990,11566111138,121.1
"Mauritius",MUS,2021,8649785320,7062411511,-1587373809,11622048697,135.2
"Mauritius",MUS,2022,10431237060,8671207275,-1760029785,12936444123,147.7
"Mauritius",MUS,2023,11015762508,9715616542,-1300145966,14072212290,147.3
"Mauritius",MUS,2024,11697830481,10025062117,-1672768364,14938055690,145.4
"Mauritius",MUS,2025,12103211066,10508453742,-1594757324,16157804492,139.9
"Mexico",MEX,2019,507718819550,502467566320,-5251253230,1304106204006,77.5
"Mexico",MEX,2020,421735413259,439853932828,18118519569,1121064767169,76.9
"Mexico",MEX,2021,559543398298,534121610565,-25421787733,1316569466834,83.1
"Mexico",MEX,2022,672827146644,629788673074,-43038473570,1466934724243,88.8
"Mexico",MEX,2023,674539332149,648642274777,-25897057372,1794410347718,73.7
"Mexico",MEX,2024,698190455616,682472609894,-15717845722,1830489311089,75.4
"Mexico",MEX,2025,738162519127,726556896247,-11605622880,1832641364776,79.9
"Micronesia",FSM,2019,281000000,140000000,-141000000,395000000,106.6
"Micronesia",FSM,2020,265000000,85000000,-180000000,372902700,93.9
"Micronesia",FSM,2021,277000000,77000000,-200000000,391601900,90.4
"Micronesia",FSM,2022,315000000,120000000,-195000000,415232900,104.8
"Micronesia",FSM,2023,324000000,98000000,-226000000,442975600,95.3
"Micronesia",FSM,2024,356000000,108000000,-248000000,481121300,96.4
"Micronesia",FSM,2025,356000000,111000000,-245000000,501797600,93.1
"Moldova",MDA,2019,6624383484,3660834341,-2963549143,11736797055,87.6
"Moldova",MDA,2020,5921197991,3218731278,-2702466713,11530746234,79.3
"Moldova",MDA,2021,7916926177,4196391945,-3720534232,13691869264,88.5
"Moldova",MDA,2022,10297187836,5988282385,-4308905451,14525337524,112.1
"Moldova",MDA,2023,9840310840,5867982593,-3972328247,16711906746,94
"Moldova",MDA,2024,10437006430,5747499410,-4689507020,18206842141,88.9
"Moldova",MDA,2025,12397142178,6462088524,-5935053654,20351796275,92.7
"Monaco",MCO,2019,0,0,0,7383494129,0
"Monaco",MCO,2020,0,0,0,6730733231,0
"Monaco",MCO,2021,0,0,0,8623241327,0
"Monaco",MCO,2022,0,0,0,8800432774,0
"Monaco",MCO,2023,0,0,0,10003897341,0
"Monaco",MCO,2024,0,0,0,11125788838,0
"Monaco",MCO,2025,0,0,0,0,0
"Mongolia",MNG,2019,9259602726,8412612746,-846989980,14206359018,124.4
"Mongolia",MNG,2020,7345876552,7676311652,330435100,13312981429,112.8
"Mongolia",MNG,2021,9255820395,8950037976,-305782419,15286441738,119.1
"Mongolia",MNG,2022,12219703773,11155726173,-1063977600,17146471714,136.3
"Mongolia",MNG,2023,13537979922,15499351628,1961371706,20325121394,142.9
"Mongolia",MNG,2024,16592364970,16350790018,-241574952,23794540025,138.4
"Mongolia",MNG,2025,15890791059,17268519884,1377728825,25369107325,130.7
"Montenegro",MNE,2019,3602317060,2430552008,-1171765052,5483622632,110
"Montenegro",MNE,2020,2916688797,1242829754,-1673859043,4734192593,87.9
"Montenegro",MNE,2021,3645134080,2510801557,-1134332523,5822908964,105.7
"Montenegro",MNE,2022,4639142171,3214050501,-1425091670,6259721790,125.5
"Montenegro",MNE,2023,5165174604,3762730917,-1402443687,7643318276,116.8
"Montenegro",MNE,2024,5477333867,3619760732,-1857573135,8274290506,109.9
"Montenegro",MNE,2025,6066976622,3698908466,-2368068156,9232801465,105.8
"Morocco",MAR,2019,54024112942,43952860516,-10071252426,128920266409,76
"Morocco",MAR,2020,46174693559,37369771251,-8804922308,121353645057,68.8
"Morocco",MAR,2021,60199361761,47060549921,-13138811840,142022058447,75.5
"Morocco",MAR,2022,73752886131,58681916332,-15070969799,131245312804,100.9
"Morocco",MAR,2023,74040709936,61945010973,-12095698963,146036093667,93.1
"Morocco",MAR,2024,80608604200,67454245753,-13154358447,160610994055,92.2
"Morocco",MAR,2025,93252409527,76541039368,-16711370159,182374250612,93.1
"Mozambique",MOZ,2019,10618346286,5761757708,-4856588578,15512759047,105.6
"Mozambique",MOZ,2020,9554283407,4667776263,-4886507144,14235420174,99.9
"Mozambique",MOZ,2021,11597098164,6523890986,-5073207178,16168055475,112.1
"Mozambique",MOZ,2022,16136472870,9409084986,-6727387884,18884232599,135.3
"Mozambique",MOZ,2023,12645606812,9543000054,-3102606758,20927498317,106
"Mozambique",MOZ,2024,12015027433,9743034216,-2271993217,22752244245,95.6
"Mozambique",MOZ,2025,12447253484,9243792672,-3203460812,22337997046,97.1
"Myanmar",MMR,2019,0,0,0,75065106228,0
"Myanmar",MMR,2020,0,0,0,79006113643,0
"Myanmar",MMR,2021,0,0,0,66345291160,0
"Myanmar",MMR,2022,0,0,0,62253049892,0
"Myanmar",MMR,2023,0,0,0,66757619000,0
"Myanmar",MMR,2024,0,0,0,74068349524,0
"Myanmar",MMR,2025,0,0,0,81665773810,0
"Namibia",NAM,2019,5832030384,4565372505,-1266657879,12541928303,82.9
"Namibia",NAM,2020,4577193257,3564380964,-1012812293,10583748542,76.9
"Namibia",NAM,2021,6398181204,3963389445,-2434791759,12402486184,83.5
"Namibia",NAM,2022,7391349289,5085407033,-2305942256,12569449123,99.3
"Namibia",NAM,2023,8331268684,5420105285,-2911163399,12522012874,109.8
"Namibia",NAM,2024,9130867417,5601781052,-3529086365,13641190683,108
"Namibia",NAM,2025,9636901881,6737407579,-2899494302,15080340654,108.6
"Nauru",NRU,2019,119542500,75590488,-43952012,125160116,155.9
"Nauru",NRU,2020,113958362,54342514,-59615848,124685688,135
"Nauru",NRU,2021,140274086,54051777,-86222309,149268324,130.2
"Nauru",NRU,2022,172986947,81992870,-90994077,180671357,141.1
"Nauru",NRU,2023,152108657,65958621,-86150036,161531317,135
"Nauru",NRU,2024,179634202,89817101,-89817101,167833415,160.5
"Nauru",NRU,2025,182512104,108730615,-73781489,176040044,165.4
"Nepal",NPL,2019,14176869011,2659663141,-11517205870,34186180699,49.2
"Nepal",NPL,2020,11405416698,2275260267,-9130156431,33433659301,40.9
"Nepal",NPL,2021,14007303182,1890245951,-12117057231,36924841394,43.1
"Nepal",NPL,2022,17408444736,2760241576,-14648203160,41182939520,49
"Nepal",NPL,2023,14188365495,2875902618,-11312462877,41049329851,41.6
"Nepal",NPL,2024,14122276350,3270900881,-10851375469,43298911700,40.2
"Nepal",NPL,2025,15341170694,4015673777,-11325496917,45489810283,42.6
"Netherlands",NLD,2019,699981663067,792548771333,92567108266,928903005576,160.7
"Netherlands",NLD,2020,662040850865,757626674439,95585823574,932560861701,152.2
"Netherlands",NLD,2021,808831153930,911591180291,102760026361,1054472123450,163.2
"Netherlands",NLD,2022,917438087562,1009321846482,91883758920,1046540797549,184.1
"Netherlands",NLD,2023,880497587437,993383113412,112885525975,1135475867551,165
"Netherlands",NLD,2024,867461920495,1001469281570,134007361075,1213936238063,154
"Netherlands",NLD,2025,925615517034,1075134885756,149519368722,1332767651100,150.1
"New Zealand",NZL,2019,57834143128,58216256279,382113151,213088034258,54.5
"New Zealand",NZL,2020,47267342891,46221986847,-1045356044,213318129989,43.8
"New Zealand",NZL,2021,66218701372,56667845523,-9550855849,253732493988,48.4
"New Zealand",NZL,2022,72824127400,60051357378,-12772770022,249723029451,53.2
"New Zealand",NZL,2023,67259738399,60581540540,-6678197859,256372177758,49.9
"New Zealand",NZL,2024,67872925251,64603559667,-3269365584,261497198364,50.7
"New Zealand",NZL,2025,0,0,0,264057413740,0
"Nicaragua",NIC,2019,6252718089,5689725119,-562992970,12699023614,94
"Nicaragua",NIC,2020,5967676881,5312785104,-654891777,12726422432,88.6
"Nicaragua",NIC,2021,8497441442,6593588346,-1903853096,14209019392,106.2
"Nicaragua",NIC,2022,10249854374,7800991077,-2448863297,15634573556,115.5
"Nicaragua",NIC,2023,10532819128,8166793679,-2366025449,17805842221,105
"Nicaragua",NIC,2024,11455318548,8072799619,-3382518929,19696311850,99.1
"Nicaragua",NIC,2025,12198469836,9249209962,-2949259874,22237167113,96.4
"Niger",NER,2019,3395017257,1485042917,-1909974340,12420836507,39.3
"Niger",NER,2020,3542752920,1416889905,-2125863015,13648332190,36.3
"Niger",NER,2021,4030357744,1652265675,-2378092069,14936154253,38
"Niger",NER,2022,4193666240,1575783108,-2617883132,15531799641,37.1
"Niger",NER,2023,3808017132,1398553093,-2409464039,16949765464,30.7
"Niger",NER,2024,3036634416,1775252490,-1261381926,19729786047,24.4
"Niger",NER,2025,3927452302,3411837458,-515614844,21646191388,33.9
"Nigeria",NGA,2019,0,0,0,668219992687,0
"Nigeria",NGA,2020,0,0,0,598586817817,0
"Nigeria",NGA,2021,0,0,0,609147716965,0
"Nigeria",NGA,2022,0,0,0,646950257575,0
"Nigeria",NGA,2023,0,0,0,487387801878,0
"Nigeria",NGA,2024,0,0,0,252261880140,0
"Nigeria",NGA,2025,0,0,0,290794361542,0
"North Macedonia",MKD,2019,9602017937,7867370858,-1734647079,12606338449,138.6
"North Macedonia",MKD,2020,8710792867,7141154682,-1569638185,12361036914,128.2
"North Macedonia",MKD,2021,11379087216,9162326827,-2216760389,14000283827,146.7
"North Macedonia",MKD,2022,13007595538,10140779609,-2866815929,13932436550,166.1
"North Macedonia",MKD,2023,12747090322,10685882458,-2061207864,15855131189,147.8
"North Macedonia",MKD,2024,12653697182,10455662616,-2198034566,16951682221,136.3
"North Macedonia",MKD,2025,14019083806,11393731930,-2625351876,19101199817,133
"Norway",NOR,2019,140786477273,151434431818,10647954545,424244886364,68.9
"Norway",NOR,2020,122400955837,119822214355,-2578741482,382252517922,63.4
"Norway",NOR,2021,142506169965,217945634459,75439464494,521592200233,69.1
"Norway",NOR,2022,162615237930,330758256046,168143018116,617321834099,79.9
"Norway",NOR,2023,155662322499,233044619754,77382297255,502197633323,77.4
"Norway",NOR,2024,166294967041,232308553703,66013586662,500886328034,79.6
"Norway",NOR,2025,178757867735,240819559118,62061691383,530755719439,79.1
"Oman",OMN,2019,32569570871,43583875163,11014304292,88060858257,86.5
"Oman",OMN,2020,34023407022,35719115735,1695708713,75909492848,91.9
"Oman",OMN,2021,37217165150,46569570871,9352405721,87323797139,95.9
"Oman",OMN,2022,46681404421,69482444733,22801040312,109852795839,105.7
"Oman",OMN,2023,47632509753,65386996099,17754486346,106174707932,106.4
"Oman",OMN,2024,52261638492,70788296489,18526657997,107137198700,114.9
"Oman",OMN,2025,0,0,0,109604780696,0
"Pakistan",PAK,2019,62624564039,30136170670,-32488393369,320909472771,28.9
"Pakistan",PAK,2020,52327295403,27935253909,-24392041494,300425609818,26.7
"Pakistan",PAK,2021,62659182540,31546332473,-31112850067,348516647445,27
"Pakistan",PAK,2022,84315688680,39515650036,-44800038644,374890295667,33
"Pakistan",PAK,2023,60515108026,35331726544,-25183381482,336686348609,28.5
"Pakistan",PAK,2024,63865509443,38607805446,-25257703997,371747087751,27.6
"Pakistan",PAK,2025,70090772303,40670467312,-29420304991,407307214476,27.2
"Palau",PLW,2019,217598200,108052200,-109546000,281954000,115.5
"Palau",PLW,2020,210059900,60400900,-149659000,258985859,104.4
"Palau",PLW,2021,172225006,15530629,-156694377,235935734,79.6
"Palau",PLW,2022,218303802,38204285,-180099517,247470813,103.7
"Palau",PLW,2023,222628693,72190392,-150438301,276157406,106.8
"Palau",PLW,2024,235060547,105126808,-129933739,321501813,105.8
"Palau",PLW,2025,0,0,0,345000000,0
"Palestine",PSE,2019,9161700000,2659300000,-6502400000,17133500000,69
"Palestine",PSE,2020,8065700000,2385300000,-5680400000,15531700000,67.3
"Palestine",PSE,2021,10094400000,3140300000,-6954100000,18109000000,73.1
"Palestine",PSE,2022,12258000000,3533400000,-8724600000,19165500000,82.4
"Palestine",PSE,2023,11027800000,3167200000,-7860600000,18635100000,76.2
"Palestine",PSE,2024,8446600000,3500100000,-4946500000,16016900000,74.6
"Palestine",PSE,2025,9190000000,3644200000,-5545800000,17167100000,74.8
"Panama",PAN,2019,28061255700,28061045300,-210400,69778991200,80.4
"Panama",PAN,2020,18505270200,20695086000,2189815800,57059846500,68.7
"Panama",PAN,2021,25965646100,28041417500,2075771400,67396392500,80.1
"Panama",PAN,2022,34758827500,36730408000,1971580500,76479304500,93.5
"Panama",PAN,2023,35804273200,38242852800,2438579600,83812155200,88.3
"Panama",PAN,2024,34017704900,38380161300,4362456400,86523959100,83.7
"Panama",PAN,2025,0,0,0,90462600000,0
"Papua New Guinea",PNG,2019,0,0,0,24750626030,0
"Papua New Guinea",PNG,2020,0,0,0,23848447850,0
"Papua New Guinea",PNG,2021,0,0,0,26113409478,0
"Papua New Guinea",PNG,2022,0,0,0,31653230962,0
"Papua New Guinea",PNG,2023,0,0,0,30816328066,0
"Papua New Guinea",PNG,2024,0,0,0,30803971189,0
"Papua New Guinea",PNG,2025,0,0,0,32498658654,0
"Paraguay",PRY,2019,13325018619,13686227184,361208565,37925338329,71.2
"Paraguay",PRY,2020,10448804214,11788507798,1339703584,35432178068,62.8
"Paraguay",PRY,2021,13685252890,14163870137,478617247,39937357256,69.7
"Paraguay",PRY,2022,16516240118,14393374838,-2122865280,41841201627,73.9
"Paraguay",PRY,2023,17394262697,18230152446,835889749,43140465596,82.6
"Paraguay",PRY,2024,17618547633,16872593925,-745953708,44738819362,77.1
"Paraguay",PRY,2025,19366371817,18320665710,-1045706107,49278227554,76.5
"Peru",PER,2019,52301323566,54892296037,2590972471,228346006004,46.9
"Peru",PER,2020,42768390082,46347277393,3578887311,201409694756,44.2
"Peru",PER,2021,59278649389,66169160383,6890510994,226406075009,55.4
"Peru",PER,2022,70042848043,70945282635,902434592,246169867863,57.3
"Peru",PER,2023,63620745195,72822828839,9202083644,268025009709,50.9
"Peru",PER,2024,66511219153,84269317213,17758098060,291751523019,51.7
"Peru",PER,2025,73151196614,100355362281,27204165667,334854659182,51.8
"Philippines",PHL,2019,152458687320,106953484846,-45505202474,376823402239,68.8
"Philippines",PHL,2020,119257490806,91171559891,-28085930915,361751145452,58.2
"Philippines",PHL,2021,148699308217,101485514508,-47213793709,394087359848,63.5
"Philippines",PHL,2022,178086451580,114785414694,-63301036886,404353369605,72.4
"Philippines",PHL,2023,178244920795,116417848992,-61827071803,437055627245,67.4
"Philippines",PHL,2024,185253897877,118820216615,-66433681262,461671157905,65.9
"Philippines",PHL,2025,196019381536,129323001566,-66696379970,487086123720,66.8
"Poland",POL,2019,295123034348,317089370015,21966335667,602683770145,101.6
"Poland",POL,2020,283720588327,317704377851,33983789524,605914237904,99.3
"Poland",POL,2021,371023800787,393088751264,22064950477,689170230665,110.9
"Poland",POL,2022,422016820864,433728761283,11711940419,695607470875,123
"Poland",POL,2023,423641820629,470257077151,46615256522,812451193396,110
"Poland",POL,2024,442176791004,478889163360,36712372356,917767106147,100.4
"Poland",POL,2025,487505567678,517233997757,29728430079,1035491784197,97
"Portugal",PRT,2019,103532874929,104818126822,1285251893,240115970063,86.8
"Portugal",PRT,2020,90131397408,85546804978,-4584592430,229618773423,76.5
"Portugal",PRT,2021,113497070631,106387190475,-7109880156,256055879091,85.9
"Portugal",PRT,2022,133285364419,127117787017,-6167577402,256898677175,101.4
"Portugal",PRT,2023,134411585081,137846682522,3435097441,292323800949,93.1
"Portugal",PRT,2024,137513069104,143716598546,6203529442,313656884871,89.7
"Portugal",PRT,2025,148156593238,151336322847,3179729609,346639825142,86.4
"Qatar",QAT,2019,66769780220,92046153846,25276373626,176371267692,90
"Qatar",QAT,2020,59064560440,70933241758,11868681318,144411363352,90
"Qatar",QAT,2021,61204395604,105549450549,44345054945,179732009560,92.8
"Qatar",QAT,2022,74520054945,161692857143,87172802198,235709325714,100.2
"Qatar",QAT,2023,0,0,0,213002809341,0
"Qatar",QAT,2024,0,0,0,216294505495,0
"Qatar",QAT,2025,0,0,0,215559615385,0
"Romania",ROU,2019,111463746999,100870449571,-10593297428,250080428512,84.9
"Romania",ROU,2020,103734778511,92658765316,-11076013195,250624575872,78.4
"Romania",ROU,2021,132207504086,116008484761,-16199019325,285072444957,87.1
"Romania",ROU,2022,148948128399,128501972912,-20446155487,295317862856,93.9
"Romania",ROU,2023,153468159063,136476225871,-16991933192,347757995759,83.4
"Romania",ROU,2024,159192458246,136204440675,-22988017571,382564217989,77.2
"Romania",ROU,2025,174602572419,152113432502,-22489139917,428677977855,76.2
"Russia",RUS,2019,352088733269,481410680627,129321947358,1693115002708,49.2
"Russia",RUS,2020,305255226177,381065599584,75810373407,1493075894362,46
"Russia",RUS,2021,376515695621,548800273711,172284578090,1829186719575,50.6
"Russia",RUS,2022,345173687962,635241831701,290068143739,2292495097681,42.8
"Russia",RUS,2023,379986343206,465937815839,85951472633,2046284838151,41.3
"Russia",RUS,2024,383987377510,477881194057,93893816547,2186462268813,39.4
"Russia",RUS,2025,397181687664,466237273304,69055585640,2561310169359,33.7
"Rwanda",RWA,2019,2825715263,2317442503,-508272760,10519272170,48.9
"Rwanda",RWA,2020,2693399206,1957774332,-735624874,10487146253,44.4
"Rwanda",RWA,2021,4559111031,2170210080,-2388900951,11252894910,59.8
"Rwanda",RWA,2022,5383473950,2996830051,-2386643899,13747404814,61
"Rwanda",RWA,2023,6395220829,3509230572,-2885990257,14806501437,66.9
"Rwanda",RWA,2024,6537889091,4294750318,-2243138773,15111064182,71.7
"Rwanda",RWA,2025,5749666892,3528969299,-2220697593,16372132990,56.7
"Saint Kitts and Nevis",KNA,2019,0,0,0,1107855556,0
"Saint Kitts and Nevis",KNA,2020,0,0,0,883922222,0
"Saint Kitts and Nevis",KNA,2021,0,0,0,858622222,0
"Saint Kitts and Nevis",KNA,2022,0,0,0,981429630,0
"Saint Kitts and Nevis",KNA,2023,0,0,0,1055651852,0
"Saint Kitts and Nevis",KNA,2024,0,0,0,1122388889,0
"Saint Kitts and Nevis",KNA,2025,0,0,0,1183514815,0
"Saint Lucia",LCA,2019,0,0,0,2090074074,0
"Saint Lucia",LCA,2020,0,0,0,1521740741,0
"Saint Lucia",LCA,2021,0,0,0,1871111111,0
"Saint Lucia",LCA,2022,0,0,0,2319888889,0
"Saint Lucia",LCA,2023,0,0,0,2441259259,0
"Saint Lucia",LCA,2024,0,0,0,2605148148,0
"Saint Lucia",LCA,2025,0,0,0,2656444444,0
"Saint Vincent",VCT,2019,0,0,0,910481481,0
"Saint Vincent",VCT,2020,0,0,0,864566667,0
"Saint Vincent",VCT,2021,0,0,0,888677778,0
"Saint Vincent",VCT,2022,0,0,0,989188889,0
"Saint Vincent",VCT,2023,0,0,0,1072237037,0
"Saint Vincent",VCT,2024,0,0,0,1157207407,0
"Saint Vincent",VCT,2025,0,0,0,1255222222,0
"Samoa",WSM,2019,440934529,319836951,-121097578,912950466,83.3
"Samoa",WSM,2020,419570512,253683216,-165887296,868884903,77.5
"Samoa",WSM,2021,415237399,98618301,-316619098,859724936,59.8
"Samoa",WSM,2022,439102039,102172246,-336929793,889554712,60.8
"Samoa",WSM,2023,570854254,273855941,-296998313,1044909500,80.8
"Samoa",WSM,2024,574545150,360459844,-214085306,1175749786,79.5
"Samoa",WSM,2025,553949848,355715052,-198234796,1287936622,70.6
"San Marino",SMR,2019,2315535293,2650575319,335040026,1616231696,307.3
"San Marino",SMR,2020,2169156167,2540725125,371568958,1544713785,304.9
"San Marino",SMR,2021,2934417621,3419759247,485341626,1855395712,342.5
"San Marino",SMR,2022,3169277295,3616004116,446726821,1831701023,370.4
"San Marino",SMR,2023,3142036447,3770526323,628489876,2027243194,341
"San Marino",SMR,2024,0,0,0,0,0
"San Marino",SMR,2025,0,0,0,0,0
"Sao Tome and Principe",STP,2019,210019963,69047795,-140972168,412976083,67.6
"Sao Tome and Principe",STP,2020,179321475,49997679,-129323796,471229485,48.7
"Sao Tome and Principe",STP,2021,224643923,79196681,-145447242,524402456,57.9
"Sao Tome and Principe",STP,2022,245093474,106389641,-138703833,540809499,65
"Sao Tome and Principe",STP,2023,225991875,98347302,-127644573,690456807,47
"Sao Tome and Principe",STP,2024,236910675,128387058,-108523617,824992558,44.3
"Sao Tome and Principe",STP,2025,326819594,130155394,-196664200,981293587,46.6
"Saudi Arabia",SAU,2019,218974666667,285860000000,66885333333,888890133333,56.8
"Saudi Arabia",SAU,2020,182183733333,182847733333,664000000,767951200000,47.5
"Saudi Arabia",SAU,2021,213515200000,286501333333,72986133333,982661066667,50.9
"Saudi Arabia",SAU,2022,258212800000,445881333333,187668533333,1239075200000,56.8
"Saudi Arabia",SAU,2023,305152000000,374787466667,69635466667,1218584800000,55.8
"Saudi Arabia",SAU,2024,338830400000,368566933333,29736533333,1254140800000,56.4
"Saudi Arabia",SAU,2025,359757600000,379825066667,20067466667,1276942933333,57.9
"Senegal",SEN,2019,9186797791,5847051726,-3339746065,23403995992,64.2
"Senegal",SEN,2020,9651853853,5077951817,-4573902036,24530513038,60
"Senegal",SEN,2021,12311805835,6781011709,-5530794126,27520784130,69.4
"Senegal",SEN,2022,14641332039,7417917497,-7223414542,27783332223,79.4
"Senegal",SEN,2023,14883981467,7092836397,-7791145070,30696331296,71.6
"Senegal",SEN,2024,13754025059,8197606373,-5556418686,32169996052,68.2
"Senegal",SEN,2025,14277431783,12022634774,-2254797009,37006536238,71.1
"Serbia",SRB,2019,31573497914,26372690325,-5200807589,53864693665,107.6
"Serbia",SRB,2020,30294542171,25760764788,-4533777383,55874017669,100.3
"Serbia",SRB,2021,39697186028,34628348308,-5068837720,66159884073,112.3
"Serbia",SRB,2022,47552026634,40579106357,-6972920277,66809895701,131.9
"Serbia",SRB,2023,48332534030,44799890209,-3532643821,81343999280,114.5
"Serbia",SRB,2024,52378512805,48272740041,-4105772764,90088366320,111.7
"Serbia",SRB,2025,58583048490,54287734484,-4295314006,99953324473,112.9
"Seychelles",SYC,2019,1701471826,1538983436,-162488390,1868690097,173.4
"Seychelles",SYC,2020,1201944067,920042422,-281901645,1382551752,153.5
"Seychelles",SYC,2021,1539328140,1193663263,-345664877,1487173795,183.8
"Seychelles",SYC,2022,2012397151,1818966306,-193430845,1999888599,191.6
"Seychelles",SYC,2023,2135412838,1856806848,-278605990,2171547935,183.8
"Seychelles",SYC,2024,2123754831,1795765733,-327989098,2228608684,175.9
"Seychelles",SYC,2025,2212019784,1900518395,-311501389,2387022853,172.3
"Sierra Leone",SLE,2019,1817978349,632404799,-1185573550,6523577590,37.6
"Sierra Leone",SLE,2020,1385993375,661505014,-724488361,6688307706,30.6
"Sierra Leone",SLE,2021,1906108258,1114288670,-791819588,7166931483,42.1
"Sierra Leone",SLE,2022,2013408072,1194958865,-818449207,7121125277,45.1
"Sierra Leone",SLE,2023,2202122026,1344997467,-857124559,6415852766,55.3
"Sierra Leone",SLE,2024,1622864248,1203610315,-419253933,6971127234,40.5
"Sierra Leone",SLE,2025,2105266493,1559342046,-545924447,7464157904,49.1
"Singapore",SGP,2019,555635930735,666302583718,110666652983,376827390962,324.3
"Singapore",SGP,2020,526490604765,636352158592,109861553827,351226533656,331.1
"Singapore",SGP,2021,641260365781,799113423839,157853058058,441110903525,326.5
"Singapore",SGP,2022,746881154042,951421989501,204540835459,514252535239,330.2
"Singapore",SGP,2023,732376279727,922325317795,189949038068,511181761244,323.7
"Singapore",SGP,2024,794257214124,1000563674150,206306460026,572877260178,313.3
"Singapore",SGP,2025,860239550270,1073990898314,213751348044,603869516999,320.3
"Slovakia",SVK,2019,97247442001,97210994150,-36447851,105843498304,183.7
"Slovakia",SVK,2020,89672126063,90816799596,1144673533,107732602896,167.5
"Slovakia",SVK,2021,109927511883,109378268572,-549243311,120511265913,182
"Slovakia",SVK,2022,121569681272,114713195240,-6856486032,115792972358,204.1
"Slovakia",SVK,2023,120083503114,122215736735,2132233621,133578518424,181.4
"Slovakia",SVK,2024,120821798958,120475379841,-346419117,140934076532,171.2
"Slovakia",SVK,2025,131733585559,131496787423,-236798136,154530066507,170.3
"Slovenia",SVN,2019,40802920386,45476824978,4673904592,53909922736,160
"Slovenia",SVN,2020,36983471636,41785212679,4801741043,53384760135,147.5
"Slovenia",SVN,2021,48056473878,51509624960,3453151082,61540813362,161.8
"Slovenia",SVN,2022,55305344696,56494607282,1189262586,59899117741,186.6
"Slovenia",SVN,2023,53133605229,57785396949,4651791720,69255264238,160.2
"Slovenia",SVN,2024,54539677618,59047049757,4507372139,72972015197,155.7
"Slovenia",SVN,2025,58362937490,62634926879,4271989389,79648204979,151.9
"Solomon Islands",SLB,2019,752930329,590941419,-161988910,1619150564,83
"Solomon Islands",SLB,2020,495896249,429176032,-66720217,1536143428,60.2
"Solomon Islands",SLB,2021,636797050,413817855,-222979195,1558312104,67.4
"Solomon Islands",SLB,2022,684987596,412603523,-272384073,1466670930,74.8
"Solomon Islands",SLB,2023,977101704,546110325,-430991379,1506124566,101.1
"Solomon Islands",SLB,2024,1121200955,642590820,-478610135,1583964704,111.4
"Solomon Islands",SLB,2025,0,0,0,1749572443,0
"Somalia",SOM,2019,4954000000,1131000000,-3823000000,8656000000,70.3
"Somalia",SOM,2020,5353000000,1178000000,-4175000000,8628000000,75.7
"Somalia",SOM,2021,5969000000,1532000000,-4437000000,9483000000,79.1
"Somalia",SOM,2022,7456000000,1804000000,-5652000000,10203000000,90.8
"Somalia",SOM,2023,8896000000,2404000000,-6492000000,10958000000,103.1
"Somalia",SOM,2024,11861000000,3735000000,-8126000000,11967000000,130.3
"Somalia",SOM,2025,12841200001,3800900000,-9040300001,12995200000,128.1
"South Africa",ZAF,2019,103935027605,105906059179,1971031574,389330032224,53.9
"South Africa",ZAF,2020,78355182004,93199600859,14844418855,337974655408,50.8
"South Africa",ZAF,2021,104883607898,131000485997,26116878099,419986284375,56.2
"South Africa",ZAF,2022,128016518313,136705431597,8688913284,407596043068,64.9
"South Africa",ZAF,2023,123686210464,126843584296,3157373832,381440724491,65.7
"South Africa",ZAF,2024,119761291334,127531645077,7770353743,401144998374,61.6
"South Africa",ZAF,2025,126023231105,134179428668,8156197563,427184325997,60.9
"South Sudan",SSD,2019,0,0,0,0,0
"South Sudan",SSD,2020,0,0,0,0,0
"South Sudan",SSD,2021,0,0,0,0,0
"South Sudan",SSD,2022,0,0,0,0,0
"South Sudan",SSD,2023,0,0,0,0,0
"South Sudan",SSD,2024,0,0,0,0,0
"South Sudan",SSD,2025,0,0,0,0,0
"Spain",ESP,2019,444777298016,486670273122,41892975106,1403496387686,66.4
"Spain",ESP,2020,373587218923,393139331916,19552112993,1289783836971,59.4
"Spain",ESP,2021,478813490690,493273673721,14460183031,1461244901853,66.5
"Spain",ESP,2022,562067869749,574783432054,12715562305,1448850658407,78.5
"Spain",ESP,2023,550315993016,612433794394,62117801378,1619481980720,71.8
"Spain",ESP,2024,567649024934,639462804274,71813779340,1725671652742,70
"Spain",ESP,2025,625571094599,698476476631,72905382032,1906453309986,69.5
"Sri Lanka",LKA,2019,24565416614,19422660165,-5142756449,88998706178,49.4
"Sri Lanka",LKA,2020,18243032009,13036289408,-5206742601,84335574372,37.1
"Sri Lanka",LKA,2021,21525852974,14985052393,-6540800581,88556699052,41.2
"Sri Lanka",LKA,2022,18626984768,15984910773,-2642073995,74143020304,46.7
"Sri Lanka",LKA,2023,19126705821,17320146765,-1806559056,84080307356,43.3
"Sri Lanka",LKA,2024,22277780954,19680136442,-2597644512,99616111266,42.1
"Sri Lanka",LKA,2025,24857449190,20641294806,-4216154384,108825231671,41.8
"Sudan",SDN,2019,5713051071,2733532469,-2979518602,32338079165,26.1
"Sudan",SDN,2020,1305725563,1385607465,79881902,27034593750,10
"Sudan",SDN,2021,642720122,770119708,127399586,34229513775,4.1
"Sudan",SDN,2022,582633199,811770225,229137026,51666875363,2.7
"Sudan",SDN,2023,544859101,442116378,-102742723,39898289821,2.5
"Sudan",SDN,2024,633066206,358103584,-274962622,49672435513,2
"Sudan",SDN,2025,769412869,663619144,-105793725,60162634574,2.4
"Suriname",SUR,2019,0,0,0,4016040575,0
"Suriname",SUR,2020,0,0,0,2911807496,0
"Suriname",SUR,2021,0,0,0,3107923198,0
"Suriname",SUR,2022,0,0,0,3791603200,0
"Suriname",SUR,2023,0,0,0,3472693412,0
"Suriname",SUR,2024,0,0,0,4416775113,0
"Suriname",SUR,2025,0,0,0,4523657797,0
"Sweden",SWE,2019,236048697363,256361650143,20312952780,530894124494,92.8
"Sweden",SWE,2020,218725234276,241040989303,22315755027,544265668452,84.5
"Sweden",SWE,2021,275582535325,299954758724,24372223399,631693331301,91.1
"Sweden",SWE,2022,303635821943,312333054945,8697233002,575071237641,107.1
"Sweden",SWE,2023,303529221657,319579119038,16049897381,578990915246,107.6
"Sweden",SWE,2024,311306792242,329613629462,18306837220,604827393489,106
"Sweden",SWE,2025,341902516919,356098645397,14196128478,668998664082,104.3
"Switzerland",CHE,2019,418811907122,487107111771,68295204649,736384764157,123
"Switzerland",CHE,2020,437650198738,480636933810,42986735072,756096180222,121.5
"Switzerland",CHE,2021,488132942920,588010521468,99877578548,840710023481,128
"Switzerland",CHE,2022,525998490835,643557905706,117559414871,858479038994,136.2
"Switzerland",CHE,2023,551661909426,652863970662,101202061236,928435275852,129.7
"Switzerland",CHE,2024,573729148940,690605094607,116875945667,969919786395,130.4
"Switzerland",CHE,2025,721176290537,814503715316,93327424779,1043529899251,147.2
"Syria",SYR,2019,6546690317,2938069172,-3608621145,22583046645,42
"Syria",SYR,2020,3750745660,1648856244,-2101889416,12501503673,43.2
"Syria",SYR,2021,6560493570,2226608573,-4333884997,14892885528,59
"Syria",SYR,2022,6803218572,1608744496,-5194474076,23737634644,35.4
"Syria",SYR,2023,0,0,0,0,0
"Syria",SYR,2024,0,0,0,0,0
"Syria",SYR,2025,0,0,0,0,0
"Taiwan",TWN,2019,0,0,0,0,0
"Taiwan",TWN,2020,0,0,0,0,0
"Taiwan",TWN,2021,0,0,0,0,0
"Taiwan",TWN,2022,0,0,0,0,0
"Taiwan",TWN,2023,0,0,0,0,0
"Taiwan",TWN,2024,0,0,0,0,0
"Taiwan",TWN,2025,0,0,0,0,0
"Tajikistan",TJK,2019,3408735466,1243456836,-2165278630,8300813599,56
"Tajikistan",TJK,2020,3125458368,1409153433,-1716304935,8133963551,55.7
"Tajikistan",TJK,2021,4258328654,2161333823,-2096994831,8937805347,71.8
"Tajikistan",TJK,2022,5258453958,1751996066,-3506457892,10713525200,65.4
"Tajikistan",TJK,2023,5931426227,2104997683,-3826428544,12244169293,65.6
"Tajikistan",TJK,2024,6906352632,1617437191,-5288915441,14425113700,59.1
"Tajikistan",TJK,2025,0,0,0,17660626562,0
"Tanzania",TZA,2019,10363463866,9786702082,-576761784,61026731926,33
"Tanzania",TZA,2020,9552972185,8921839002,-631133183,66068737786,28
"Tanzania",TZA,2021,11160170703,9976590469,-1183580234,70655628148,29.9
"Tanzania",TZA,2022,14839056924,11675750363,-3163306561,75749121847,35
"Tanzania",TZA,2023,16609619516,13589709118,-3019910398,79030935638,38.2
"Tanzania",TZA,2024,17095546883,15635226302,-1460320581,79235713445,41.3
"Tanzania",TZA,2025,18016880759,17113455948,-903424811,90143496090,39
"Thailand",THA,2019,272916501195,323768892197,50852391002,543976691794,109.7
"Thailand",THA,2020,231745471361,256835239507,25089768146,500274927779,97.7
"Thailand",THA,2021,297103648540,295639913234,-1463735306,506049783825,117.1
"Thailand",THA,2022,334490999348,323854472232,-10636527116,495691837308,132.8
"Thailand",THA,2023,327159708259,338714010202,11554301943,517013369475,128.8
"Thailand",THA,2024,349671347769,368836810863,19165463094,529385520942,135.7
"Thailand",THA,2025,388129158917,410531624594,22402465677,577009981112,138.4
"Timor-Leste",TLS,2019,1004078400,431191700,-572886700,2032550400,70.6
"Timor-Leste",TLS,2020,1039875900,792950600,-246925300,2162619200,84.8
"Timor-Leste",TLS,2021,1317595300,2302354000,984758700,3625024300,99.9
"Timor-Leste",TLS,2022,1347906300,1784364500,436458200,3208599900,97.6
"Timor-Leste",TLS,2023,1380581800,476747000,-903834800,2079767200,89.3
"Timor-Leste",TLS,2024,1583732800,196962600,-1386770200,1865608515,95.4
"Timor-Leste",TLS,2025,0,0,0,1902180258,0
"Togo",TGO,2019,2268030418,1671782879,-596247539,6992942459,56.3
"Togo",TGO,2020,2395207646,1727046855,-668160791,7486031562,55.1
"Togo",TGO,2021,2839529121,1976054796,-863474325,8541668141,56.4
"Togo",TGO,2022,3161651830,2162409655,-999242175,8646453099,61.6
"Togo",TGO,2023,3436907297,2390186784,-1046720513,9723300577,59.9
"Togo",TGO,2024,0,0,0,10643440332,0
"Togo",TGO,2025,0,0,0,11889949067,0
"Tonga",TON,2019,333029713,112507450,-220522263,506031248,88
"Tonga",TON,2020,314805681,99820531,-214985150,506571487,81.8
"Tonga",TON,2021,298418027,57546484,-240871543,519306339,68.5
"Tonga",TON,2022,330368557,59899919,-270468638,556514556,70.1
"Tonga",TON,2023,383530895,87157767,-296373128,591139734,79.6
"Tonga",TON,2024,392898121,109419833,-283478288,647488244,77.6
"Tonga",TON,2025,0,0,0,679218219,0
"Trinidad and Tobago",TTO,2019,0,0,0,23477745792,0
"Trinidad and Tobago",TTO,2020,0,0,0,20888515184,0
"Trinidad and Tobago",TTO,2021,0,0,0,24222963263,0
"Trinidad and Tobago",TTO,2022,0,0,0,28341164301,0
"Trinidad and Tobago",TTO,2023,0,0,0,25036993423,0
"Trinidad and Tobago",TTO,2024,0,0,0,25633544529,0
"Trinidad and Tobago",TTO,2025,0,0,0,25942749718,0
"Tunisia",TUN,2019,23627358335,19255781270,-4371577065,41905642419,102.3
"Tunisia",TUN,2020,19691340861,16143392840,-3547948021,42491780918,84.3
"Tunisia",TUN,2021,24408983896,19667292546,-4741691350,47073234359,93.6
"Tunisia",TUN,2022,29101043949,23060703699,-6040340250,44929920093,116.1
"Tunisia",TUN,2023,28484270163,25567813965,-2916456198,48205328303,112.1
"Tunisia",TUN,2024,28943410192,25706930120,-3236480072,51412122480,106.3
"Tunisia",TUN,2025,31508376160,26826069545,-4682306615,57502836548,101.4
"Türkiye",TUR,2019,229253569686,256263371549,27009801863,775853144223,62.6
"Türkiye",TUR,2020,232192230751,210844790112,-21347440639,733628247119,60.4
"Türkiye",TUR,2021,290243026943,294429020560,4185993617,839938668172,69.6
"Türkiye",TUR,2022,386711092837,353224790396,-33486302441,926097476914,79.9
"Türkiye",TUR,2023,385393330659,364211599327,-21181731332,1141242864657,65.7
"Türkiye",TUR,2024,367379077169,374686274270,7307197101,1359123768774,54.6
"Türkiye",TUR,2025,400679511057,396923725496,-3755785561,1597293229287,49.9
"Turkmenistan",TKM,2019,3851149717,7332697660,3481547943,29700000000,37.7
"Turkmenistan",TKM,2020,3565601879,4627021565,1061419686,27350527268,30
"Turkmenistan",TKM,2021,3326409138,5472487037,2146077899,26334182094,33.4
"Turkmenistan",TKM,2022,4748668999,9462080139,4713411140,37583913148,37.8
"Turkmenistan",TKM,2023,4879119716,8457755752,3578636036,39020211240,34.2
"Turkmenistan",TKM,2024,4939106646,7775761414,2836654768,44249447717,28.7
"Turkmenistan",TKM,2025,6824243539,7210521475,386277936,49828621356,28.2
"Tuvalu",TUV,2019,0,0,0,53527720,0
"Tuvalu",TUV,2020,0,0,0,52302515,0
"Tuvalu",TUV,2021,0,0,0,61597447,0
"Tuvalu",TUV,2022,0,0,0,54104146,0
"Tuvalu",TUV,2023,0,0,0,50491931,0
"Tuvalu",TUV,2024,0,0,0,56752266,0
"Tuvalu",TUV,2025,0,0,0,57345435,0
"Uganda",UGA,2019,7866761702,6048575718,-1818185984,35353061003,39.4
"Uganda",UGA,2020,8116375577,5796021015,-2320354562,37600368242,37
"Uganda",UGA,2021,10510437146,6396009274,-4114427872,40529788749,41.7
"Uganda",UGA,2022,10244593521,5477862278,-4766731243,45565333211,34.5
"Uganda",UGA,2023,10602364862,5658032305,-4944332557,48768955863,33.3
"Uganda",UGA,2024,13960593894,9034338029,-4926255865,53911907079,42.7
"Uganda",UGA,2025,17826764688,13289512671,-4537252017,61985829288,50.2
"Ukraine",UKR,2019,75832862621,63448583044,-12384279577,153883047510,90.5
"Ukraine",UKR,2020,63171454470,60801578068,-2369876402,156617722013,79.2
"Ukraine",UKR,2021,83920880267,81281413099,-2639467168,199765859571,82.7
"Ukraine",UKR,2022,84155821685,57417372455,-26738449230,161989520721,87.4
"Ukraine",UKR,2023,89177561166,51286538170,-37891022996,181221517869,77.5
"Ukraine",UKR,2024,95448348221,56624210505,-38824137716,190833835445,79.7
"Ukraine",UKR,2025,111072990302,54272867488,-56800122814,214233312784,77.2
"United Arab Emirates",ARE,2019,306004084411,404863172226,98859087815,433926218686,163.8
"United Arab Emirates",ARE,2020,297228046290,350277467665,53049421375,357161776271,181.3
"United Arab Emirates",ARE,2021,347528931246,425155888359,77626957113,422441282436,182.9
"United Arab Emirates",ARE,2022,427991831178,521897345133,93905513955,511403404642,185.7
"United Arab Emirates",ARE,2023,481851599728,558401633764,76550034036,522622268401,199
"United Arab Emirates",ARE,2024,0,0,0,552324919096,0
"United Arab Emirates",ARE,2025,0,0,0,0,0
"United Kingdom",GBR,2019,951880342949,917433768894,-34446574055,2875710080015,65
"United Kingdom",GBR,2020,795714534395,815801724784,20087190389,2724001478305,59.2
"United Kingdom",GBR,2021,934375952194,935667446175,1291493981,3194559188926,58.5
"United Kingdom",GBR,2022,1117793765633,1083593172366,-34200593267,3181244350465,69.2
"United Kingdom",GBR,2023,1131603446868,1091653856201,-39949590667,3420796653789,65
"United Kingdom",GBR,2024,1174549941083,1147692057155,-26857883928,3695539513534,62.8
"United Kingdom",GBR,2025,1275239250328,1224670037745,-50569212583,4002587541846,62.5
"United States",USA,2019,3116681000000,2539391000000,-577290000000,21539982000000,26.3
"United States",USA,2020,2782391000000,2163837000000,-618554000000,21375281000000,23.1
"United States",USA,2021,3417930000000,2568697000000,-849233000000,23725645000000,25.2
"United States",USA,2022,3974319000000,3036430000000,-937889000000,26054614000000,26.9
"United States",USA,2023,3859856000000,3073360000000,-786496000000,27811517000000,24.9
"United States",USA,2024,4113828000000,3215368000000,-898460000000,29298013000000,25
"United States",USA,2025,0,0,0,30769700000000,0
"Uruguay",URY,2019,13589037133,17363375088,3774337955,62222324965,49.7
"Uruguay",URY,2020,11538603069,14026258642,2487655573,53559354501,47.7
"Uruguay",URY,2021,15409774978,20010242322,4600467344,60739061281,58.3
"Uruguay",URY,2022,19456784754,23432009306,3975224552,71240669088,60.2
"Uruguay",URY,2023,19284205661,22163590552,2879384891,79208725900,52.3
"Uruguay",URY,2024,19118102906,23243778154,4125675248,82322859144,51.5
"Uruguay",URY,2025,19327594037,23104847903,3777253866,85347696278,49.7
"Uzbekistan",UZB,2019,26657560793,17059027390,-9598533403,70170662563,62.3
"Uzbekistan",UZB,2020,22681149060,14561318344,-8119830716,70127127133,53.1
"Uzbekistan",UZB,2021,27959658383,16479144805,-11480513578,81170051811,54.7
"Uzbekistan",UZB,2022,35654761540,20962647201,-14692114339,94286355836,60
"Uzbekistan",UZB,2023,42781543619,25070062402,-17711481217,107526539716,63.1
"Uzbekistan",UZB,2024,43642721046,26172869000,-17469852046,121356065241,57.5
"Uzbekistan",UZB,2025,51999343254,32401308149,-19598035105,147038081129,57.4
"Vanuatu",VUT,2019,577133768,328285359,-248848409,1061547513,85.3
"Vanuatu",VUT,2020,526815739,139400243,-387415496,1017403363,65.5
"Vanuatu",VUT,2021,570950869,86905279,-484045590,1093826089,60.1
"Vanuatu",VUT,2022,634898250,176864389,-458033861,1151863790,70.5
"Vanuatu",VUT,2023,590441809,337076293,-253365516,1188137265,78.1
"Vanuatu",VUT,2024,623471657,329014392,-294457265,1297956615,73.4
"Vanuatu",VUT,2025,0,0,0,1353658841,0
"Venezuela",VEN,2019,7982721069,34459561493,26476840424,73014157108,58.1
"Venezuela",VEN,2020,5605400729,5571267854,-34132875,42837965907,26.1
"Venezuela",VEN,2021,7856090324,8690436504,834346180,56615026263,29.2
"Venezuela",VEN,2022,10280104687,14552860356,4272755669,89013251021,27.9
"Venezuela",VEN,2023,10266483009,18495894770,8229411761,102377501186,28.1
"Venezuela",VEN,2024,11456619839,20176779559,8720159720,120566112397,26.2
"Venezuela",VEN,2025,10074121350,14852682003,4778560653,99661244156,25
"Vietnam",VNM,2019,265976296626,284737397483,18761100857,334365270497,164.7
"Vietnam",VNM,2020,273355953900,292479899129,19123945229,346615738538,163.2
"Vietnam",VNM,2021,340182482326,343937314546,3754832220,366474752771,186.7
"Vietnam",VNM,2022,370998835149,386241068015,15242232866,413445230669,183.2
"Vietnam",VNM,2023,339491142718,376268017649,36776874931,433805036898,165
"Vietnam",VNM,2024,398774125641,429484097217,30709971576,476324572784,173.9
"Vietnam",VNM,2025,473997023086,505661231330,31664208244,514697215165,190.3
"Yemen",YEM,2019,0,0,0,0,0
"Yemen",YEM,2020,0,0,0,0,0
"Yemen",YEM,2021,0,0,0,0,0
"Yemen",YEM,2022,0,0,0,0,0
"Yemen",YEM,2023,0,0,0,0,0
"Yemen",YEM,2024,0,0,0,0,0
"Yemen",YEM,2025,0,0,0,0,0
"Zambia",ZMB,2019,7961078355,8073235066,112156711,23308667781,68.8
"Zambia",ZMB,2020,5892354558,8473997597,2581643039,18137764931,79.2
"Zambia",ZMB,2021,7511107108,11537884956,4026777848,22096416932,86.2
"Zambia",ZMB,2022,8487628172,11722089926,3234461754,29163782140,69.3
"Zambia",ZMB,2023,10312987263,11264526288,951539025,27577956471,78.2
"Zambia",ZMB,2024,6971790366,8851528098,1879737732,25303185342,62.5
"Zambia",ZMB,2025,0,0,0,28879806220,0
"Zimbabwe",ZWE,2019,6166366675,6016225251,-150141424,33360632553,36.5
"Zimbabwe",ZWE,2020,5381694862,4795084587,-586610275,31979753645,31.8
"Zimbabwe",ZWE,2021,7964377625,6461646332,-1502731293,41287852524,34.9
"Zimbabwe",ZWE,2022,10126039654,7650412329,-2475627325,40757585309,43.6
"Zimbabwe",ZWE,2023,8312993034,6140200070,-2172792964,35871781303,40.3
"Zimbabwe",ZWE,2024,9735878413,7497382806,-2238495607,41521975830,41.5
"Zimbabwe",ZWE,2025,0,0,0,51215643906,0