country_iso3,country_name,year,gdp_usd,gdp_per_capita_usd,gni_usd,population,total_imports_usd,total_exports_usd,merchandise_imports_usd,merchandise_exports_usd,trade_pct_gdp,trade_balance_usd,tariff_weighted_all,tariff_simple_all,tariff_weighted_manuf,tariff_weighted_primary,food_imports_pct,fuel_imports_pct,manuf_imports_pct,food_exports_pct,fuel_exports_pct,manuf_exports_pct,import_concentration_hhi,export_concentration_hhi,exchange_rate_lcu_per_usd
AUS,"Australia",2015,1356805839935.9,56970.3613028094,1329206917868,23815995,291850364122.4,271152836560.501,208501000000,187684000000,41.4947506939901,-28773630265.3472,1.9,2.5,2.31,0.52,6.56255914980785,10.843191876506,75.8769752521757,16.1915205417184,25.2908141411795,13.7678544559038,56.0415432693534,49.9518888089059,1.33109026245502
AUS,"Australia",2016,1211588128417.61,50084.4440606385,1182946465487.62,24190907,261827324555.529,232663011512.861,196270000000,192505000000,40.813402217321,-12915729462.2999,1.18,2.3,1.41,0.44,7.10054987790893,9.28820929269105,77.3414029961542,14.6721390580282,25.5970925023236,13.7533180150723,55.2722184252935,50.6339465810477,1.34521397601947
AUS,"Australia",2017,1330890554614.09,54117.547718609,1294543002785.18,24592588,277671313150.053,281774035049.614,228780000000,231131000000,42.0354135251854,3124230284.15263,0.89,2.23,0.97,0.62,6.48222765314289,10.3824539712317,73.7679522516319,14.0459429362126,30.3161990720307,11.7510093112444,54.8678601099578,48.037300107255,1.30475807671592
AUS,"Australia",2018,1433144978761.67,57410.1737346009,1387743000651.1,24963258,311861687284.904,312605804111.245,235386000000,257098000000,43.5732253645218,11002049820.2101,0.86,2.22,0.95,0.58,6.52594691958162,13.312364622072,74.016834398448,11.8414555496122,35.535320392044,11.2645395870643,54.1327345178271,48.6179159011901,1.33841214646451
AUS,"Australia",2019,1398349602956.35,55194.7585097428,1350713662978.85,25334826,306786753625.531,336477593836.115,221564000000,271005000000,46.0016827052171,41304937027.1211,0.77,2.03,0.83,0.6,7.16469389675818,12.5737504568742,74.6992010880294,11.0197731750988,32.4480251523319,11.0489482828225,54.4901711034551,47.4810804241065,1.43850654421382
AUS,"Australia",2020,1333336461648.09,51983.4523666382,1301591217301.01,25649248,274154332727.111,319174580744.374,211824000000,250823000000,44.499564103879,43039657134.7925,0.71,1.97,0.75,0.69,7.59766516403535,8.1813026764699,77.4686374545085,11.3492210938212,21.3125228177134,10.5328054291376,53.3072171496599,48.2963149754656,1.45308511847016
AUS,"Australia",2021,1560617493202.69,60758.9044397144,1539999805951.18,25685412,284038962017.929,343364164705.654,261165000000,344864000000,40.2022359390595,81917574427.2483,0.81,1.93,0.85,0.72,6.44421129042264,10.2677770093236,77.4811035189482,11.102611449477,27.706071696529,8.23857453952919,53.6447389563457,47.2812664317804,1.33122425957081
AUS,"Australia",2022,1695627535475.8,65169.5191118657,1629211583573.56,26018721,343078219088.328,431732710875.763,309189000000,412683000000,45.6946418805752,85981781766.4555,0.99,2.01,1.04,0.8,6.14945900451023,15.2876933574368,73.465045789663,11.0328119505819,42.6954661318656,7.38588303636718,53.0223961357176,52.4699530916406,1.44166445896522
AUS,"Australia",2023,1734451264655.6,65058.3773146674,1657945321649.23,26659922,387533147572.319,463117015978.139,287406000000,371407000000,49.044339318428,59419752603.2881,,,,,6.12272392365969,14.7934222298022,74.2643289044968,11.6335324538363,34.9834475509909,8.32905584836961,54.0236558180617,45.9348184548919,1.50519106560509
AUS,"Australia",2024,1757022451652.83,64609.9865116088,1695733097667.25,27194286,395749225409.455,432605705549.386,296340000000,340827000000,47.1453811065195,19152544073.9859,,,,,6.44767390132498,13.3321467362803,75.3196347457048,12.073033995206,33.1901228403116,9.5505624686651,,,1.51535803855596
BRA,"Brazil",2015,1802212206814.5,8936.19661712113,1768300112176.37,201675532,253272712377.634,232488824444.589,180460000000,186782000000,26.95362593736,-28224926938.445,8.27,13.66,10.26,2.02,5.21313407540425,15.6211641894135,74.7980062682687,37.9778956806647,7.36062490155865,34.8651659700771,56.5641596181149,50.6061949367233,3.32690438276879
BRA,"Brazil",2016,1795693482853.01,8836.28652735657,1757597118447.99,203218114,216686387069.85,223863343103.297,145248000000,179526000000,24.5336820777006,7888268360.8,8.01,13.56,9.65,2.48,7.42536207040476,12.3737577498111,75.8498413216173,37.8781906668221,6.45092898767891,36.1209000742178,60.1225531131866,50.7372256066078,3.49131342157271
BRA,"Brazil",2017,2063514977365.65,10080.5092819305,2024937440970.06,204703445,243510584262.84,258330777006.501,165855000000,214988000000,24.3197343743057,15770565742.07,8.59,13.41,10.01,2.88,6.32149411569174,14.7169891147575,74.4958950484185,36.1004202021097,8.70889192124879,34.8248260736675,57.4591579861429,47.1202728616649,3.19138944630048
BRA,"Brazil",2018,1916933898010.99,9300.66164923219,1863630987964.67,206107261,272994464677.427,280543266303.121,192840000000,231890000000,28.8762033763866,5020740727.415,7.95,13.46,9.25,2.54,5.38447644097633,15.1324917647007,74.9460971648721,34.6388149937206,12.7686622344956,32.3576397610223,55.7192342995055,46.5730339347904,3.65382536145755
BRA,"Brazil",2019,1873288205059.69,9029.83326681073,1822994395902.52,207455459,276634813667.029,264562979421.068,193162000000,221127000000,28.8902578698964,-8913681707.435,7.97,13.43,9.16,2.65,5.39026493215019,13.881883250891,76.3313074075326,34.5257195124328,13.7087051192779,30.1943927380285,56.0192087279586,47.3823195977398,3.9444710972507
BRA,"Brazil",2020,1476107231310.49,7074.19378337644,1445311140602.49,208660842,233941246230.247,242872071018.291,166336000000,209180000000,32.3020785437939,11006501378.435,8.41,13.55,9.55,2.93,6.30010348205256,10.0774648671464,79.2546323511529,38.9094713157649,11.8904796185398,25.0396470697203,55.187138613973,42.6549273426387,5.15517878751281
BRA,"Brazil",2021,1670647398904.9,7972.5366498646,1618525125551.47,209550294,309853308958.678,319251201403.084,234690000000,280815000000,37.6563307598082,15355119391.01,7.76,13.2,9.11,2.31,5.43366665102592,13.6008473721902,76.0027846595754,34.7771632382264,13.6578322774084,25.1214886663242,55.3788816082744,43.2849173242172,5.39440078962503
BRA,"Brazil",2022,1951923942083.32,9281.33334441234,1895345889306.1,210306415,374482483050.831,383177602116.201,292245000000,334136000000,38.8160659763397,9643356978.81,7.26,13.29,8.68,1.93,4.90797968652848,17.7848730964223,73.2017036131109,39.5273943444507,16.9977876592036,25.2910278666909,56.6006849763528,45.7908130886118,5.16397029102111
BRA,"Brazil",2023,2191131765684.63,10377.5892792557,2121605970130.43,211140729,343939883228.749,393731572887.926,252710000000,339696000000,33.6662298301438,48569467228.695,,,,,5.36398908769221,15.4477629244906,75.463132297384,42.0864551625389,16.2396336722963,24.0930367154098,56.3874678216113,42.5611670556049,4.99437976287199
BRA,"Brazil",2024,2185821610689.31,10310.5486973693,2112836203442.8,211998573,385708868264.323,392105346047.039,277954000000,337046000000,35.5845239386244,11515360810.91,,,,,5.71222679731262,13.1951511742727,77.4304554382736,40.3549418618818,16.958206628778,23.2192423581155,,,5.3889349057096
CAN,"Canada",2015,1556510380200.23,43594.2379080706,1532663548013.94,35704498,534115083556.223,495747450357.728,430124000000,410062000000,66.1648355844224,-38583775871.449,1.65,3.14,1.12,3.95,8.18251389529433,7.02123434786925,77.264624262667,12.2650921931972,20.6034302087075,50.7074124871138,73.7574433414688,90.1907839618745,1.27878620362554
CAN,"Canada",2016,1527996250640.92,42314.1033623905,1509327936731.45,36110803,517396012626.09,481357649980.237,412940000000,389991000000,65.3636199818813,-36241676908.6054,1.56,2.95,0.97,4.16,8.46973134891178,6.3097016907938,77.830213314081,12.8537932602701,17.6256219682134,52.6756996645379,73.2427967535695,90.2412473799919,1.3256151637482
CAN,"Canada",2017,1649269496514.62,45129.7335281051,1628291572163.23,36545075,554922650425.45,518766780219.71,443651000000,420665000000,65.1009087910845,-36237673595.1703,1.52,1.99,0.97,4.31,8.20309596250041,6.9872194226693,77.462988623653,12.4827191580112,21.9517954420132,48.74193235449,72.748453643505,90.2749192090192,1.29793584646039
CAN,"Canada",2018,1725330736237.69,46539.2177903178,1695996608536.1,37072620,591347645767.306,557719627178.031,469106000000,452313000000,66.59982627163,-33732774271.5123,1.47,1.99,0.94,4.09,7.93445182112811,7.95390917269528,76.8189201043601,11.92683043971,24.0190349725915,47.6495767638228,73.0202501719263,89.8000486075799,1.29581792813534
CAN,"Canada",2019,1743728952156.85,46352.9695208927,1722945761061.66,37618495,589706748631.384,564142104614.779,462993000000,448817000000,66.1713422730605,-25538102775.714,1.51,2.1,0.83,4.96,8.19588860909452,7.32638584051867,77.1944659136614,11.1762071277981,22.1408507825001,48.2028243078681,72.8812529668639,90.4888746963713,1.32679336266012
CAN,"Canada",2020,1655686966881.99,43537.8981198851,1643688332920.87,38028638,524572641557.224,487990676642.934,420934000000,390821000000,61.1566883386797,-36499244170.9959,1.49,1.87,0.88,4.52,9.36750692188637,4.97246587828512,76.3442536813811,14.0683109690006,17.7117312023626,47.2013622733367,70.6347565150087,89.4793459293693,1.34115267222386
CAN,"Canada",2021,2022377950896.78,52886.6407813788,2003790799350.67,38239864,628388638999.206,630478158309.719,506476000000,509441000000,62.2468612630348,2027310252.331,2.35,2.06,1.77,5.15,8.69388542569324,6.19123572839234,75.7448622822153,12.9546850012824,23.8688657837555,42.9737343864186,70.1961820820992,90.0746394657453,1.2538769021268
CAN,"Canada",2022,2200562785046.32,56496.9275340663,2168803845044.62,38950132,731290006744.08,742056361162.595,586133000000,601632000000,66.9531620692051,11050538165.6298,1.37,1.83,0.76,4.06,8.40247661513113,7.9035303272759,74.950928764381,11.7797220033621,30.1749905885513,40.5960226731841,70.2652244513201,90.830925062651,1.30155477474355
CAN,"Canada",2023,2196593836347.42,54847.5370112652,2162420412601.59,40049088,729991623300.122,732380673864.391,570873000000,570079000000,66.5745425015033,2291175240.8773,,,,,8.46189467887988,6.88940927675925,76.010766049991,12.8027235232881,25.1997448504993,44.7120332491257,71.6326985940207,90.6494512875188,1.3499086407939
CAN,"Canada",2024,2270076189683.46,55015.7066917734,2234537683874.5,41262329,741233987715.737,737073649328.937,573098000000,567744000000,65.1214987304374,-4264402023.461,,,,,9.2023002049639,6.50924221153143,75.5203211667628,13.5312278758624,27.6974112165315,42.2747692230746,,,1.36935976604092
CHN,"China",2015,11280814787468.9,8175.33285077393,11228032678981.8,1379860000,2003260696068.67,2362097053274.6,1679566000000,2273468000000,38.6971848362625,357870764281.273,4.52,7.82,5.7,2.07,6.66132360581687,12.9271912758671,60.9771808756857,2.77868735771079,1.2272664163092,94.3003313730696,74.1289719590141,72.9790413393489,6.22748867298455
CHN,"China",2016,11456024084962,8254.86859320357,11400323697361.9,1387790000,1944490534275.23,2199974853570.14,1587925000000,2097632000000,36.177170692978,255737088242.15,3.54,7.88,4.33,2.34,6.79703829564838,12.0917339150655,61.9149023647181,3.1561810897063,1.28100094525523,93.7167028020422,74.2713704506442,72.6568869325293,6.6444778294468
CHN,"China",2017,12537559062282.9,8979.67652709856,12521428872625.2,1396215000,2208518918632.2,2424216052098.35,1843792000000,2263346000000,36.95085261586,217009899933.948,3.83,8.46,4.53,2.66,6.60739484217093,14.5851037046112,59.7631678924572,3.04846225436294,1.5635573554021,93.511711476449,72.7971049509091,72.032825322013,6.75875508633597
CHN,"China",2018,14147765772963.8,10085.6638148819,14086737564950.9,1402760000,2564121910994.89,2655609176087.45,2135748000000,2486695000000,36.8943843914718,87905148451.8738,3.39,7.56,4.29,1.99,6.18908395984885,17.4688169187818,58.3143167114541,2.91056514656763,1.86764407076313,93.2388307531011,71.4793200073562,71.7700842563657,6.61595717735439
CHN,"China",2019,14560167101283.4,10342.9009524335,14520157750328,1407745000,2521036548136.79,2641188436776.47,2078386000000,2499457000000,35.4544350281407,119201790618.831,2.53,5.39,3.13,1.64,7.02820185377525,17.8562823008297,57.0741304193143,2.8745063704736,1.87465304454538,92.8740842473991,70.2947021634647,69.9021687721497,6.90838500992901
CHN,"China",2020,14996414166715.1,10627.4637989619,14878808399124.3,1411100000,2409650385964.34,2739785089628.44,2065964000000,2589952000000,34.337778473884,333452859657.031,2.47,5.32,2.74,2.04,8.21017119906821,14.0746971565506,59.939731581917,2.68970992010765,1.2143685449396,93.5416579304527,70.7799444860396,70.8636322462359,6.90076726944925
CHN,"China",2021,18201698719564,12887.4357242941,18077551859016.4,1412360000,3132116155606.12,3537510275663.96,2679412000000,3316022000000,36.6428789643754,406016032305.313,2.31,5.31,2.57,2.04,8.11967397205663,16.0586526598696,55.5816167399504,2.32278572074659,1.29170537075172,93.4459167956813,70.2839107901685,69.4428915733016,6.44897518024316
CHN,"China",2022,18316765021690.2,12970.6056414327,18163546112470.6,1412175000,3166016135468.4,3705070541732.88,2706507000000,3544434000000,37.512555678171,538376630373.047,2.18,5.36,2.45,2,8.50986398807462,20.6343617882309,51.4861450753649,2.30024438523057,1.79009011301844,92.6463369453287,69.3711528114981,67.4104099429912,6.73715811237119
CHN,"China",2023,18270356654533.2,12951.1782397043,18136282647171.8,1410710000,3167502597276.28,3544871083631.02,2556941000000,3379044000000,36.7391496938394,379222511838.297,,,,,8.98411591719164,21.0332541381132,48.6351862953955,2.45628079906291,1.8075643209073,91.8821582914508,68.0586812991688,65.6824152432495,7.08399842343631
CHN,"China",2024,18729668435848,13293.1162269366,18600888837513,1408975000,3280170243047.19,3828873971971.62,2583218000000,3575795000000,37.9560601372544,554121332336,,,,,8.10751053290446,20.4222505719016,49.2920184597896,2.42684855512431,1.49786393169736,91.1612165960274,,,7.19749110789917
DEU,"Germany",2015,3425099578746.09,41929.7549110722,3492650052066.01,81686611,1204648073431.64,1458592274325,1051132000000,1326206000000,77.7565815686922,253864583308.22,2.02,2.73,2.26,1.69,8.20354782355462,9.25867351619041,72.7229969219112,5.62704511314724,2.13441977383123,84.234696360734,83.3573342533689,83.8248948574093,0.901296423367096
DEU,"Germany",2016,3536787895179,42948.9381932694,3638261024242.42,82348669,1215609853746.31,1472560807845.53,1055326000000,1334355000000,76.0059902166055,257052182218.316,2.09,2.48,2.12,2.1,8.40565874478588,7.16715440298352,74.0988683091278,5.70920564676181,1.64382508639625,84.8253434781644,83.445423214758,83.6682044827597,0.903421436257263
DEU,"Germany",2017,3765351626105.89,45553.9341495339,3861080809000.01,82657002,1327357307454.12,1589089750187.06,1162907000000,1448191000000,77.4548394742448,265989346757.769,1.96,2.48,2.08,1.84,8.19000478686186,8.03921132689532,76.3102945445697,5.59578187629463,1.79687015135703,86.3191108266153,83.4098317828477,83.1156743469305,0.885205508269372
DEU,"Germany",2018,4055433215301.96,48916.1686612154,4214947102850.19,82905782,1485437649157.65,1723433049609.41,1284353000000,1560539000000,79.1252260463654,242877564842.629,1.83,2.46,1.98,1.59,7.76013449050903,8.84880812907979,72.9418783058653,5.32636517487064,2.06424587714665,85.2550400265207,83.6360073231357,83.0330119015722,0.846772667108111
DEU,"Germany",2019,3959894794039.21,47656.199739747,4106477666878.42,83092962,1454588084839.21,1676629137011.76,1233978000000,1489412000000,79.0732427175683,222712633094.613,1.84,2.55,2.01,1.64,7.80471254183062,8.4888514972384,73.761454628271,5.4490902324704,2.21694997936172,85.0743131475498,83.6646623739364,82.9099580844024,0.893276257067409
DEU,"Germany",2020,3941398957073.94,47394.8734504469,4041530721161.1,83160871,1332733837256.03,1541867660412.46,1171782000000,1382533000000,72.9335327120137,211436040446.136,1.48,1.71,1.8,0.83,8.55111464353651,6.22005932350923,75.238481430674,5.9154140380691,1.81843784726771,84.8929623650951,83.147949932864,82.3554938685975,0.875506396987998
DEU,"Germany",2021,4355251953410.78,52349.2459994422,4500885133271.25,83196078,1628851031193.77,1851846071996.09,1411439000000,1627375000000,79.9195348609851,227415846453.101,1.39,2.24,1.43,1.34,7.7678324232926,8.72065735754442,72.470580144152,5.50171427029631,2.60156267352484,84.2248636533673,82.4823772645672,82.9012722135309,0.84549413889045
DEU,"Germany",2022,4201021706478.62,50506.5179638543,4326585119992.23,83177813,1813049636001.95,1916859170749.03,1583619000000,1676472000000,88.7857542130501,98674048916.0851,1.33,1.95,1.64,0.84,7.40331210711703,12.671943221466,69.9033828599533,5.68789708172097,3.55065871383029,82.8939619404076,81.6194907520441,83.6817169752654,0.949623753156941
DEU,"Germany",2023,4562207532490.28,54776.7668235491,4709991003415.77,83287273,1779045873341.21,1960255682615.72,1467598000000,1702278000000,81.9625483787634,177612175117.31,,,,,8.39736226374845,8.65233705017107,73.5118347688029,5.98632344026706,2.0446709964022,84.7513724931676,83.1572619283037,83.0690773124167,0.924839558470698
DEU,"Germany",2024,4685592577804.69,56103.7323182554,4847009059489.84,83516593,1764438191610.94,1941431210621.87,1414153000000,1676408000000,79.0907305894936,179674618443.635,,,,,9.16027792841592,7.99268368320553,73.4365446581308,6.26374809525555,2.07454936630529,84.1312732546074,,,0.923889546117607
FRA,"France",2015,2442483452642.5,36702.4323733379,2491911919065.98,66548272,776983112152.851,774108364253.242,570758000000,506264000000,63.5046871956484,-9463888994.342,2.02,2.73,2.26,1.69,9.43072623436497,10.671575842349,76.1441747038571,12.6447322224616,2.95528102932916,78.7323283725094,84.0445357244614,81.1463832945157,0.901296423367096
FRA,"France",2016,2470407619777.13,37024.2157133669,2520257665605.77,66724104,786690099965.255,778134181664.243,567657000000,501179000000,63.3427564383351,-12213190138.5206,2.09,2.48,2.12,2.1,9.81267656119536,8.39759658369512,78.2723721965555,12.4319612984473,2.30761310498294,79.6980182102876,84.9727882410183,82.1496550952629,0.903421436257263
FRA,"France",2017,2588868323334.71,38687.1626407164,2641361331529.89,66918020,856501561408.354,836510836277.649,619334000000,535298000000,65.3958481559711,-19613749658.1629,1.96,2.48,2.08,1.84,9.66271995845288,9.81939201488458,76.8047832967539,12.5457742920585,2.80075972124448,79.9472167846139,84.5442794025308,82.2019965362756,0.885205508269372
FRA,"France",2018,2781576320884.39,41418.1766484844,2844433805623.21,67158348,942517078079.137,915638789626.901,676441000000,582222000000,66.8022607812266,-28418466030.8181,1.83,2.46,1.98,1.59,9.41074345219893,11.2949556021461,75.4497267698503,12.3120932392312,3.29246555293983,79.7942114817241,84.0315568498892,82.858230508068,0.846772667108111
FRA,"France",2019,2722793515171.76,40408.2848574751,2804094343919.21,67382061,913209092423.528,895514342479.214,654658000000,570951000000,66.4289607281749,-15554985769.9184,1.84,2.55,2.01,1.64,9.3250111557903,10.3438415303634,76.6724894969431,12.3511913816591,2.77533644087224,80.5034599709211,83.8917497487115,83.379905891284,0.893276257067409
FRA,"France",2020,2647926055110.05,39169.8606000707,2701220126016.35,67601110,801836174373.076,756174143647.162,581297000000,488637000000,58.8388907240647,-45868544727.8586,1.48,1.71,1.8,0.83,10.5068805590099,7.24065896019924,78.5486717038212,13.9970743864421,2.17631318472775,79.2210459691173,83.5438886208691,83.6337654502701,0.875506396987998
FRA,"France",2021,2966433692008.09,43725.0999521245,3059214347002.28,67842811,964103785591.845,928139254791.07,715082000000,585021000000,63.788482630872,-30254890619.4442,1.39,2.24,1.43,1.34,9.66196137586234,11.0278088999018,75.1330959370724,13.6676639948154,3.67766725739694,78.3001810433008,83.2085359031818,83.003820109892,0.84549413889045
FRA,"France",2022,2794788137066.94,40988.6396406579,2881607679781.53,68184457,1099664152806.23,1023340977697.09,823216000000,620461000000,75.9630077981996,-70150448895.429,1.33,1.95,1.64,0.84,8.89679826129939,20.1483919488581,67.1061078594503,13.5361570866135,5.90288840625744,76.4203035797761,82.5783271740761,84.4741411842276,0.949623753156941
FRA,"France",2023,3056250648138.29,44700.1384177544,3127007245215.74,68372286,1105442442028.06,1053069574154.53,788177000000,651122000000,70.6261450610225,-41937166656.0055,,,,,9.82996957617559,14.5629042234337,72.0194478418974,13.0524619487553,5.1259997747409,77.9642837707552,83.2079789515244,83.6764184334263,0.924839558470698
FRA,"France",2024,3160442622465.08,46103.0840855884,3221122928066.09,68551653,1081453951068.75,1071066237472.11,751836000000,640518000000,68.1081875443744,-3821737994.0981,,,,,10.5960747051011,12.6680112174847,72.874227076784,13.3356372717843,4.40931574185064,78.0103124112614,,,0.923889546117607
GBR,"United Kingdom",2015,2945579890258.46,45256.040227057,2881766142635.93,65087000,861463440127.243,821200386071.742,630003000000,465850000000,57.125044605439,-44424260097.0147,2.02,2.73,2.26,1.69,9.77794092005688,8.08502272933232,73.7882577630999,6.17567024852601,7.02213106641059,71.6481714245796,78.2664639129186,84.4390862165377,0.654545478931426
GBR,"United Kingdom",2016,2706807606538.73,41258.5374285695,2643709003529.2,65606000,833100578279.813,786640412453.566,636731000000,410856000000,59.8395315138259,-50798842587.0321,2.09,2.48,2.12,2.1,9.26808448687487,6.28115269131933,69.9185835846931,6.83366051304608,6.25609635660007,76.1812352703602,79.2934252308272,85.9191679924677,0.740634463697084
GBR,"United Kingdom",2017,2699118387873.1,40918.0520870944,2670285794450.21,65964000,869550502969.043,836020370556.138,641002000000,440997000000,63.1899245764158,-35924431558.9295,1.96,2.48,2.08,1.84,9.60554351444277,8.11774178211437,70.6809763863806,6.64400665272059,7.96909103032825,74.0197611871942,79.4506266565401,84.8394119241593,0.776976682344123
GBR,"United Kingdom",2018,2897028009916.05,43704.3162296687,2858000906622.02,66287000,957619509260.342,922834772428.163,672450000000,486439000000,64.9097721959201,-39577861194.8046,1.83,2.46,1.98,1.59,9.66088187367103,10.0872725216388,70.0932234577577,6.33004538991663,9.45873392804059,68.9892207680565,78.8284576398381,83.4090760558786,0.749531540259847
GBR,"United Kingdom",2019,2875710080015.3,43160.6843971799,2872826661673.5,66628000,951880342949.163,917433768894.232,696208000000,460026000000,65.0035664177054,-39829637744.0491,1.84,2.55,2.01,1.64,9.15488692611623,8.19155386700326,66.2739038268904,6.66646706676357,8.59897730540144,71.7820575556781,78.9363587435992,83.608154672897,0.783445110011929
GBR,"United Kingdom",2020,2724001478304.59,40815.1255364787,2666343754706.29,66740000,795714534395.164,815801724783.58,638251000000,399529000000,59.1598893030611,13846959465.6455,1.28,1.88,2.07,0.81,10.1081871798978,5.30993604082167,63.8979811219937,7.6188345905585,7.06424366401815,68.3049140365334,76.7339695560994,84.8883897900986,0.779999576697153
GBR,"United Kingdom",2021,3194559188925.93,47695.6491523474,3194746242367.29,66978000,934375952193.96,935667446175.151,695115000000,472147000000,58.53838629291,1419524369.2755,0.72,1,0.69,1.02,9.40725073770577,10.2697318433269,64.1601183773778,6.41938576712047,8.32935578799489,62.2455188736128,75.1306718861793,83.7702343351928,0.727064944688323
GBR,"United Kingdom",2022,3181244350465.41,47034.7795621476,3182928064394.96,67636000,1117793765633.44,1083593172366.25,823592000000,546151000000,69.1989264413981,-38780961681.3992,1,1.13,0.71,1.81,9.06213951918742,16.9042090244701,61.1307767606123,6.34928809078005,12.3109041508633,55.2358295612471,77.1715055313028,82.714045986793,0.811301715827773
GBR,"United Kingdom",2023,3420796653789.08,49919.6896621586,3363685680515.58,68526000,1131603446867.99,1091653856200.64,791544000000,525016000000,64.9923841747803,-40126943255.7849,,,,,9.94062516865512,11.8440289346224,64.1151132270877,6.54486658290483,8.96373321933615,60.4960280048913,79.5846563769874,84.1972151691781,0.804538906734353
GBR,"United Kingdom",2024,3695539513534.15,53341.3131094262,3659245455767.23,69281000,1174549941083.14,1147692057154.76,820194000000,524286000000,62.839052044584,-26755497764.9262,,,,,10.3420016057362,10.1144068614397,61.6652751635021,6.66464200567159,8.57390412775903,60.8469978362938,,,0.782414580986262
IDN,"Indonesia",2015,860854232686.214,3288.22269725538,832298853324.924,261799249,178863652305.893,182158298802.029,142695000000,150366000000,41.9376402415294,5351899012.23087,,,,,9.96743784080884,17.5540346601814,65.4343208072684,21.4517804490836,23.0427750818147,44.075318248092,55.7165607484204,58.9550872199045,13389.4129365079
IDN,"Indonesia",2016,931877364037.698,3521.46943457574,902045435913.47,264627418,170835000830.242,177886012744.865,135653000000,144490000000,37.4213418023318,8234324959.97201,2.64,6.31,2.78,2.35,11.6088464408771,14.196669725848,66.963941568651,22.2766601981247,19.2890340293455,46.860340946238,53.0182758697207,57.3074203956785,13308.3268020542
IDN,"Indonesia",2017,1015618744159.73,3798.88326174526,983437956196.751,267346658,194777319195.676,204924485909.157,156925000000,168811000000,39.3554970704606,11434768728.767,2.06,5.86,1.95,2.28,10.9918137066306,16.241743460686,64.8783481694778,23.1861009068638,21.8451876585303,41.8775192324309,53.4785492960146,53.2649669836767,13380.8338788891
IDN,"Indonesia",2018,1042271532988.63,3860.95353090726,1011212626753.14,269951846,230045612385.068,218905647886.556,188708000000,180124000000,43.0743089552002,-6713373307.24594,2,6.25,1.9,2.29,10.2087283524839,16.7375057190953,65.0161590890692,20.4488168282196,23.3100286060793,43.11955368942,52.6781371957104,52.5205985961359,14236.9387734818
IDN,"Indonesia",2019,1119099871350.2,4106.94856160358,1085078650166.28,272489381,213034646334.827,208057763659.252,171276000000,167683000000,37.6277775357108,-4133324477.52497,2,6.71,1.82,2.57,10.6159984251183,13.7156912647506,68.0255656080384,20.3034623063575,20.3380217373565,46.2914435756783,51.7816833329234,50.5619776900269,14147.6713605454
IDN,"Indonesia",2020,1059054842698.48,3853.70288774146,1029975056927.45,274814866,165646843301.933,183546577017.375,141622000000,163306000000,32.9721754002427,18545794316.1108,2.04,6.29,1.8,2.74,12.6098405783724,11.149188973912,68.7817832555257,23.6096962763976,15.6268808662289,46.614182661618,50.1476368998546,49.6220518627957,14582.2034678177
IDN,"Indonesia",2021,1186509691086.73,4287.17313995098,1154297486861.71,276758053,222923845055.988,254109508154.492,196190000000,231506000000,40.2047582749671,29207502575.0115,1.83,6.02,1.68,2.3,11.5637815053867,14.6998679392045,65.4182637094155,23.5125195396358,19.4540368706185,44.9007416009427,47.524395344468,45.6329160210944,14308.1439011897
IDN,"Indonesia",2022,1319101183380.15,4730.83484836107,1283471297572.5,278830529,276506804558.242,323218198016.355,237447000000,291979000000,45.4646701959453,42715082770.478,1.83,5.82,1.74,2.13,10.997103973879,18.8732789978409,62.3837672523054,20.3646571620358,24.2968093578513,42.5938743692822,46.183746331895,44.6653637148812,14849.8539362105
IDN,"Indonesia",2023,1371166925749.88,4876.2992959843,1334894358408.48,281190067,269460535788.982,299031805850.549,221886000000,258857000000,41.4604765447233,28593267733.9316,,,,,11.814123641417,17.9877850983913,62.9973718454102,19.5934434193276,22.988404985231,44.7116211411318,47.2303914866425,42.6727948722188,15236.8846620506
IDN,"Indonesia",2024,1396301788461.69,4925.43644992666,1360120805360.24,283487931,286245903350.957,311510024778.671,233659000000,264706000000,42.809937870822,21353512597.2944,,,,,11.8565859214946,17.3140307897375,62.4384274596268,19.8211695211197,20.8482942182543,44.8599060940036,,,15855.4482866711
IND,"India",2015,2103588360044.94,1583.99815907985,2079182865637.81,1328024498,465097595426.184,416787940847.812,394131000000,267951000000,41.9229138658647,-63249171394.8497,7.32,9.75,7,7.18,5.2439586896853,26.777350937984,47.9223654890216,11.3300090451308,11.8719127202525,68.7631584732676,54.6411903202234,64.8308877333434,64.1519444632786
IND,"India",2016,2294796885663.16,1707.50892912243,2268496715258.31,1343944296,480169055768.282,439642578076.358,361649000000,264542000000,40.082485713276,-41579206265.0143,6.35,8.91,6.26,5.92,6.08873220309444,25.0353799489221,52.1511047329015,11.1636147178675,10.6421920620902,71.5142380206267,53.9143491662793,66.4687166707141,67.1953128073894
IND,"India",2017,2651474262755.45,1950.10468280866,2622801076651.03,1359657400,582018012521.568,498258808231.521,449925000000,299241000000,40.7424969545225,-72211612625.3398,5.78,8.88,6.08,4.64,5.63841140503153,27.722837394409,50.149572697062,11.6772125285785,12.1859467424678,69.6987012211939,53.4137397959676,64.9529758051891,65.1215686450659
IND,"India",2018,2702929641648.74,1966.25455171679,2673994276922.32,1374659064,640300806738.542,538635186135.438,514464000000,324778000000,43.6169693323889,-105917684940.611,4.88,9.03,6,3,3.85218741928945,33.2499008636957,48.5537074162929,10.5010188267607,15.06745126951,69.268260401525,54.4131725425282,63.0538403201519,68.3894670935422
IND,"India",2019,2835606256558.19,2041.42863698585,2808367623254.15,1389030312,602315056052.526,529245063167.215,486059000000,324340000000,39.9054035306442,-73451671322.5905,6.59,10.21,6.64,5.72,3.97304277623304,31.880343122832,50.1619402889172,10.4144880035748,13.7763501701928,71.0205379047355,57.0741157377476,62.7901438280904,70.4203405359551
IND,"India",2020,2674851578587.27,1907.04251637669,2638922006729.05,1402617695,510244747372.174,499728529072.629,373202000000,276410000000,37.7581053292768,-8342168263.9966,6.19,9.42,6.72,4.7,5.48565406020561,28.3590915050748,52.8216085887867,12.7734149844114,10.0306929080613,71.0145843098347,56.7127100374247,61.0482774348855,74.0995668836052
IND,"India",2021,3167270623260.47,2239.61384367482,3129982849042.07,1414203896,760902891806.013,677769255428.552,573092000000,395426000000,45.4230887840446,-74039374427.9021,5.87,9.86,6.79,3.52,5.05246462548225,29.8728403228095,47.945167920397,11.3192946488259,14.2846592727887,68.0733689919056,57.8315974583148,61.2429625828386,73.9180128154351
IND,"India",2022,3249938492013.47,2279.98145719369,3203859492501.88,1425423212,866361019118.766,781290791563.827,720441000000,453415000000,50.6979382758042,-134660965222.853,4.59,10.06,6.22,2.49,4.68745287929006,37.8444037124818,44.645900085283,11.137448574541,21.7524651912837,62.331564351398,58.9314972785203,62.486722686912,78.6044905829916
IND,"India",2023,3500906030644.76,2434.44826340989,3451141907117.76,1438069596,839102411987.341,782620610192.051,673929000000,431559000000,46.3229520582338,-86336940338.2707,,,,,4.69913000107828,33.2009829039382,47.9020525287235,11.013039162045,20.7059082080863,63.5470477424682,61.444210697132,64.7649142409426,82.5992764460784
IND,"India",2024,3760813470500.86,2591.9916607122,3712418556447.15,1450935791,897055898132,829785193474.459,718284000000,442886000000,45.9166907678748,-101445448642.99,,,,,5.06115292488684,31.5419008927123,46.4544098481671,11.128054885403,17.094437885147,67.101487166827,,,83.669281580941
ITA,"Italy",2015,1845428048839.1,30639.8829751432,1832663768740.19,60229605,485192095144.804,537833599948.242,410919000000,456990000000,55.4356858148221,52526869354.6475,2.02,2.73,2.26,1.69,10.8812240370958,12.8690110501946,67.2948207385876,8.68063668648254,3.2944073725625,83.2475535707022,74.8995702352298,82.3659841005664,0.901296423367096
ITA,"Italy",2016,1887111188176.93,31391.5692898108,1892222866752.03,60115223,483730717980.818,543464412394.32,406788000000,461737000000,54.4321467018313,59977581596.7033,2.09,2.48,2.12,2.1,11.0791402955181,10.362712078948,69.9310468110405,8.92912036420158,2.66359462149532,83.6851644911395,75.9563216814326,82.8505472460299,0.903421436257263
ITA,"Italy",2017,1970720904584.71,32844.115660604,1981352334136.47,60002252,540827068435.177,593973032350.354,453122000000,507418000000,57.5829940274911,53893821749.4434,1.96,2.48,2.08,1.84,10.6680139305836,12.0552336697473,68.6946890291,8.98055785026565,3.27256247837187,83.0214117880224,75.6867293156216,82.6718686507326,0.885205508269372
ITA,"Italy",2018,2099435266458.67,35062.3364176949,2122050545321.41,59877221,597530269520.862,646909638534.745,503240000000,549526000000,59.2749835128154,50617035662.4632,1.83,2.46,1.98,1.59,9.92310610885055,13.5552690351751,68.0468238602964,8.98694011548985,3.47059391265364,82.6111537982938,74.82558287666,83.300988811412,0.846772667108111
ITA,"Italy",2019,2019606796583.53,33812.788724868,2035704840034.51,59729081,560326098494.117,625065757185.881,475006000000,537718000000,58.6941902594738,67357784672.6453,1.84,2.55,2.01,1.64,10.175924057492,12.4165014198912,68.799569519276,9.36349106123726,3.04947553200783,81.7028437320492,74.9756049679458,84.2209472225301,0.893276257067409
ITA,"Italy",2020,1907481094079.23,32091.4866621366,1931759614571.06,59438851,480945200912.997,547940256804.982,426867000000,499792000000,53.9394839042764,69265580610.0111,1.48,1.71,1.8,0.83,11.1248713722196,8.44258090204808,70.380892978121,10.660311529388,2.14179213063523,80.7390855416071,76.2199148997898,84.8785020522466,0.875506396987998
ITA,"Italy",2021,2179207773596.09,36852.5425414951,2203378254572.83,59133173,634811260435.649,679294123497.663,567421000000,615635000000,60.3019776202798,44797022837.1568,1.39,2.24,1.43,1.34,9.74324779821526,13.3815862701718,66.6997719784773,10.0219839338125,3.09783025955749,80.1652149960244,73.9642308787295,84.6282152285224,0.84549413889045
ITA,"Italy",2022,2104067630319.46,35653.9042103495,2123551136222.19,59013667,776766269322.766,738509644128.602,694305000000,658557000000,72.0165023032697,-38435469002.841,1.33,1.95,1.64,0.84,8.95561590152959,21.4015829437529,59.7293314104638,9.71518294941106,4.97853512208366,78.5057935645437,70.1742557014067,84.8418099072488,0.949623753156941
ITA,"Italy",2023,2316882296366.32,39279.699782164,2305429499064.35,58984216,736153956396.287,772202263040.014,639879000000,676724000000,65.1028419441908,38189130035.5954,,,,,10.574914613224,14.6992246882012,65.7665081086777,10.112164845389,3.62874175899833,79.7681861778626,72.515632603003,83.9518729896414,0.924839558470698
ITA,"Italy",2024,2383435562458.12,40429.6224047352,2378271525241.72,58952704,721169108147.031,770685525117.266,621388000000,673478000000,62.5926144915658,52557239244.7524,,,,,11.2165564192186,12.6587544270668,66.0803041792493,11.1710227960221,3.05293641850331,79.1912468287266,,,0.923889546117607
JPN,"Japan",2015,4534438580494.94,35664.6446110613,4709298924740.71,127141000,799671850411.581,775031229090.987,648117000000,624921000000,34.7276305886293,-23275907631.1958,2.3,3.52,1.47,3.59,10.0360297410722,20.5069277411675,59.5244800425546,0.813866922016466,1.82112089122004,87.2588990267739,54.7623114694168,63.0319838566321,121.044025684011
JPN,"Japan",2016,5110357383254.44,40214.9688631562,5284490989324.73,127076000,763174802438.923,803470630550.066,607728000000,645052000000,30.6562793068554,40443851155.243,2.55,3.51,1.31,4.67,10.3478193778417,18.268471084979,61.9512584872468,0.891941427614723,1.45314833400369,87.3467476944336,54.0351730013115,63.4655615595115,108.792900046834
JPN,"Japan",2017,5038231631660.71,39679.8635262948,5220677954611.79,126972000,829948316863.743,867373157903.215,672096000000,698329000000,33.6888336792782,37636176718.9342,2.51,3.69,1.24,4.49,10.0437146393493,21.0291135522673,59.0895044888193,0.851965414543185,1.62989701847048,86.5885562110256,55.1360822596558,61.9309721507185,112.166141081871
JPN,"Japan",2018,5154293721629.56,40645.478086519,5347130951340.46,126811000,922228472388.616,923192943803.364,748488000000,738143000000,35.8035749582494,1405006849.0526,2.45,3.77,1.25,4.19,9.42472232479178,23.3503040035389,57.5464662052987,0.943387365861318,1.81010139690813,86.8692434053412,57.1606605306658,60.8573417199203,110.42317934106
JPN,"Japan",2019,5245755000479.03,41424.8655601543,5446274833462.27,126633000,908590987610.906,893761110034.084,720957000000,705564000000,34.3582972799989,-8615189108.4621,3.53,5.91,1.57,6.51,9.81903513557923,21.5816785618091,58.8861160922648,1.01645127952317,1.98546863293334,86.6056946697442,56.9109763161032,61.5017639230125,109.009665900863
JPN,"Japan",2020,5189197543645.38,41098.9739004553,5374617140524.15,126261000,798645128766.751,785057625362.297,635460000000,641319000000,30.5192226892273,-7597675867.0135,2.22,2.31,1.12,4.16,10.5846916302108,16.6006557387446,62.2140433695114,1.19511218925468,1.18928797948461,86.1390226496042,53.988855615671,59.7637846235601,106.774582262437
JPN,"Japan",2021,5225933520753.1,41580.739040705,5466430651769.27,125681593,938755726387.128,912551747360.225,768976000000,756032000000,35.4253927340539,-21810914913.444,1.84,2.18,1.03,3.04,9.50819177781891,20.0353003990571,57.8717301394947,1.23514819621905,1.35105888659274,85.6152784621078,55.9862378131042,58.6854585925651,109.754323839417
JPN,"Japan",2022,4447976207314.78,35548.2645222433,4711073463924.24,125124989,1076977967308.71,918412226913.945,899941000000,746824000000,44.86063102004,-157922697027.439,1.64,1.99,0.85,2.53,8.88622489867363,28.3391798468259,52.0782739861637,1.2062494202247,2.4439279415333,83.2444851202149,58.8703973913765,60.0644238882091,131.498140443764
JPN,"Japan",2023,4384854269961.93,35215.003535366,4637104412385.72,124516650,988160815442.388,923420059650.996,787199000000,717256000000,43.5950833802735,-72876655744.3754,,,,,9.6868733799793,25.894896548225,54.0221744395589,1.16659144062924,1.77262134601493,83.5591659557853,57.7263506212742,61.7069358303053,140.49110006234
JPN,"Japan",2024,4190008188358.57,33797.1014287876,4445039871223.74,123975371,958381808469.152,920960002390.344,743498000000,707009000000,44.8529388577573,-39103685596.2534,,,,,9.5240002477684,22.6849124457109,57.1256577716047,1.14784503058243,1.39430977776367,82.5019763656813,,,151.366291302752
KOR,"Korea, Rep.",2015,1539212301135.55,30171.7906545222,1543797904863.38,51014947,529797582126.57,630586518885.63,436499000000,526757000000,75.3881774564907,105649200000,5.72,6.05,2.45,9.38,5.94130449705912,23.6893542054415,61.7172860349909,1.22247439943169,6.28827621295043,89.4390554443509,63.1807324978655,49.5234764017324,1130.9525
KOR,"Korea, Rep.",2016,1579150518945.44,30832.0628072516,1584633012209.59,51217803,501960383970.089,601861440813.944,406193000000,495426000000,69.8997221316919,99123300000,8.67,11.12,4.65,16.27,6.41716697251823,20.1280517743827,65.0773197174413,1.40334862897571,5.5492872250197,89.8692717580014,61.4966915958537,49.1159672717392,1160.7675
KOR,"Korea, Rep.",2017,1710196756713.17,33296.9845439195,1716812667152.84,51361911,587337161918.895,664392456663.161,478478000000,573694000000,73.1921408264016,76858800000,5.05,5.36,2.36,9.98,5.9188684678787,22.9801440618897,62.479545642278,1.30404169467401,6.34576276711752,89.2667978483848,61.317411262237,47.6426470855764,1131.00083333333
KOR,"Korea, Rep.",2018,1824251454306.83,35363.9508228687,1831172245065.8,51585058,643142886151.538,719710064860.371,535202000000,604860000000,74.7075162140824,80717400000,4.83,5.23,2.26,9.54,5.8238049423598,27.4584823272781,58.6338956616066,1.25676392564569,7.93460902634461,87.5926002315728,61.521889249805,47.5530849385432,1100.16333333333
KOR,"Korea, Rep.",2019,1751045752054.63,33826.9443301597,1765298717346.39,51764822,602460189255.229,648610576582.722,503343000000,542233000000,71.4470632403511,52966800000,,,,,6.1797632808015,25.3030607433492,60.3235110871668,1.45837242232029,7.7796164250441,87.3975205295531,59.8639646548046,47.5991947526642,1165.3575
KOR,"Korea, Rep.",2020,1744070276373.34,33645.7719545073,1758426195184.17,51836239,539436709934.322,603713417774.2,467633000000,512498000000,65.544957860621,67948100000,5.48,5.29,1.93,12.99,6.73698132324059,18.512524292261,66.101289345467,1.62761527679163,4.96538608506398,89.3886079693593,58.934123966053,47.9278505773521,1180.26583333333
KOR,"Korea, Rep.",2021,1942313560965.9,37518.4635305697,1962780858667.37,51769539,698601348291.191,764083221345.796,615093000000,644400000000,75.3063047610912,70664700000,4.85,5,1.15,12.67,6.19614160799124,22.366824761867,61.3305603692108,1.47306457590307,6.20942713728516,87.8993739603608,59.5120808028442,49.3012808733788,1143.95166666667
KOR,"Korea, Rep.",2022,1799363116866.52,34822.4048404971,1821087204060.28,51672569,814936711590.894,815019022384.453,731370000000,683585000000,90.5851475278549,7584000000,5.66,5.73,1.79,10.89,6.06454085720441,29.9002241632218,55.8774453616359,1.4724962211164,9.47277423929597,84.9179316912058,59.2438961717613,50.4402939414752,1291.44666666667
KOR,"Korea, Rep.",2023,1844800934391.54,35674.095995632,1871357950465.76,51712619,755197457229.567,762299062736.35,642572000000,632226000000,82.2580090716629,13888000000,,,,,6.33497186956266,26.6678710042175,59.2359303946367,1.646011457517,8.55361920375165,86.0896614520211,58.4750921570418,53.4744793110435,1305.6625
KOR,"Korea, Rep.",2024,1875388209406.8,36238.639908315,1902456770881.09,51751065,755486201521.958,831889172091.318,631767000000,683609000000,84.6424951192038,81481600000,,,,,6.289153490062,25.6591897286102,60.1073364940026,1.62783431239529,7.70232630112563,87.2877868115765,,,1363.375
MEX,"Mexico",2015,1213294467653.78,10021.2386113616,1182962837072.34,121072306,439821695268.006,414495031033.993,405282000000,380550000000,70.4129746799259,-25807764000,4.45,6.07,3.75,8.06,5.81440123263133,6.33580155276939,80.369734568216,6.83651257140708,5.89078579129835,80.8520050396853,73.0870071716034,92.7572753396878,15.8482666666667
MEX,"Mexico",2016,1112233497452.7,9097.92397674769,1083159760755.14,122251351,432376614131.825,409476294705.042,397522000000,373948000000,75.6903034088551,-23667255468,4.35,6.17,3.85,6.91,5.9989126754784,6.19935425514006,80.1159494471516,7.54165496928896,4.82276713809655,80.9065097304957,72.0855883662135,92.6266086048618,18.6640583333333
MEX,"Mexico",2017,1190721475853.16,9649.27816729586,1160558920006.25,123400057,469597181245.762,446688309687.408,432179000000,409433000000,76.95212604414,-22668791420,1.24,2.97,1.37,0.66,5.77334298670112,8.2117992844495,77.8084308976839,7.73247770913959,5.50774530391262,80.3561587936184,72.4371193647284,92.2688115349441,18.9265166666667
MEX,"Mexico",2018,1256300182983.65,10084.7937570364,1223821716325.76,124573711,517202845542.861,490508969545.438,476835000000,450713000000,80.212661650262,-27610814495,1.21,3.28,1.37,0.56,5.48103866403056,9.82852212186439,76.1818559685772,7.46176191810696,6.5678211804808,79.471846811433,71.91277460138,92.3738549933867,19.2443416666667
MEX,"Mexico",2019,1304106204006.27,10369.5553593527,1267424146369.48,125762982,507718819549.77,502467566320.434,467118000000,460604000000,77.4619722509459,-4265651015,,,,,5.58088832681414,8.82656007691408,76.9262619811783,7.84793817808792,5.32160515060597,79.9687313715216,70.7289374654029,93.0108414498013,19.2636333333333
MEX,"Mexico",2020,1121064767168.8,8841.27074929751,1085047504496.96,126799054,421735413258.959,439853932827.966,393278000000,417171000000,76.8545557151738,21711673476,,,,,6.44164536082823,6.48086342779823,78.6056991723205,9.06814552644513,3.84267437174223,79.1798885226162,68.9716809874206,93.3489466042222,21.4856083333333
MEX,"Mexico",2021,1316569466833.94,10314.0506733708,1282549137428.57,127648148,559543398297.824,534121610565.454,522455000000,494949000000,83.0692976264524,-23128199854,,,,,6.41740137488419,8.3697474797823,74.0292084378402,8.58556883063729,5.5701378045074,76.5435901540485,68.3042719262833,92.8874934943153,20.2724083333333
MEX,"Mexico",2022,1466934724243.38,11405.7940469896,1432992501447.04,128613117,672827146643.746,629788673074.2,627544000000,577697000000,88.7984855897261,-43787418381,1.62,2.69,1.78,0.65,6.23129986378098,10.1171745389913,72.0952052573959,8.25409760579285,6.4977788316006,76.8713549030611,67.9340831488155,93.1283899061838,20.12735
MEX,"Mexico",2023,1794410347718.25,13830.843848864,1749781229860.24,129739759,674539332148.826,648642274776.945,628457000000,593001000000,73.7390758255664,-31950743651,,,,,6.24392883075378,7.97626566894421,74.2942091144492,8.39588935939699,5.44687500653683,78.3308607645389,67.9997118657071,93.8916593500865,17.7587166666667
MEX,"Mexico",2024,1830489311088.89,13988.0423745241,1779405540266.96,130861007,698190455615.662,682472609894.051,655300000000,617677000000,75.4259015415068,-27626818055,,,,,6.41563105064562,6.19834035429965,75.6027567573587,8.53132801779315,4.49492353677104,79.0221236924605,,,18.3048583333333
MYS,"Malaysia",2015,301355266964.947,9648.6797937523,293133023632.862,31232798,186603344672.915,209287287856.543,175971000000,199952000000,131.37007244526,22711691906.1136,,,,,8.74914278355844,12.3487871947462,69.3681174912537,10.834396580992,16.4637462888258,66.414936202965,59.5597927510377,62.0993501412226,3.90550026302768
MYS,"Malaysia",2016,301256033870.334,9476.53409809923,292917092605.123,31789685,181125866049.416,201165058574.724,168684000000,189743000000,126.8990100257,19990335308.9183,4.02,6.22,4.28,3.52,8.69098019831858,10.3107291933483,72.5324008329884,11.5485555147823,14.0025952445656,68.0179738974581,57.0129715192673,60.4874556223962,4.14830066287879
MYS,"Malaysia",2017,319109094160.343,9862.54806612235,310119720279.85,32355644,201496430249.828,223413837325.056,195417000000,218130000000,133.155173371956,21988277861.2463,,,,,7.99408780017611,12.7721250663876,70.0929699756686,11.0280902450956,15.4036825994082,66.5950762518143,57.0447138014383,60.3492803382898,4.30044087761124
MYS,"Malaysia",2018,358788845712.53,10901.8019954421,347616421527.931,32910967,221902484182.666,245967590635.246,217602000000,247455000000,130.402625502126,24054470762.8388,,,,,7.44824533588816,14.3823342600901,69.0916611093026,9.09018808926918,15.6707664196549,68.4240772452125,59.0444579217251,61.0607282519611,4.03513013706806
MYS,"Malaysia",2019,365177721021.516,10920.191763972,355643356741.268,33440596,210893037728.698,238379861290.486,204998000000,238195000000,123.028562027943,27500981134.2942,,,,,7.74470784056747,14.5458579099817,67.8592783036767,9.26829700741547,14.4392776477319,70.1215212704831,58.3769077759068,60.4854910826697,4.14246973569731
MYS,"Malaysia",2020,337456163961.211,9957.52626697613,330671265155.887,33889558,186310380061.102,207798540352.974,190860000000,234766000000,116.788182437638,21603446738.6741,3.6,5.65,3.85,3.04,8.90112247147793,11.8882215120536,68.8263937117368,10.0728372932683,11.3856806445869,73.1260443884642,57.8478564840511,61.3542883503816,4.20348194851884
MYS,"Malaysia",2021,373784553029.978,10903.1037480772,363610825965.209,34282399,236990392677.524,264015450976.493,238240000000,299425000000,134.035994690727,26980425521.7432,3.62,5.61,3.88,3.15,8.86726797037418,12.5344900250452,67.4958718904681,10.7900848091832,12.447410329578,70.2832707695381,55.266119867255,59.7457970554105,4.14329759817721
MYS,"Malaysia",2022,407830525989.553,11754.5678336248,394892167279.093,34695493,283918591271.771,313245644474.215,293797000000,352094000000,146.424604753908,29122040538.7734,3.42,5.43,3.64,3.03,8.23088244062583,18.6794537679149,64.0226381481729,10.5883149872486,17.0810793062688,66.6596858804422,57.9399478260231,60.80967698047,4.40107634540072
MYS,"Malaysia",2023,399949418752.657,11386.0395636528,387744775878.208,35126298,255625703549.712,274681075589.892,265667000000,312965000000,132.593461641599,20435053640.9863,,,,,8.34559944038586,19.0929537393799,64.3589853794889,9.54179049585687,16.512163379367,68.3939118895688,58.375693910981,61.8069478899118,4.56062343240897
MYS,"Malaysia",2024,422227005428.688,11874.4273684245,407781089749.473,35557673,278760544031.284,301221326764.018,300216000000,330761000000,137.362571161559,22698293285.212,,,,,8.50151619514456,16.3359568881093,66.8998651099253,10.2193540750371,14.4033158188559,69.7825556725704,,,4.5764279106858
NLD,"Netherlands",2015,775743675302.734,45793.8135434697,764253559807.422,16939923,592155905829.687,651561445019.531,512105000000,570442000000,160.325812564809,59691114746.1029,2.02,2.73,2.26,1.69,13.228126565332,14.2375977280902,64.0857899616978,15.9692676477032,10.2507452834652,62.3742687119885,72.2753445733855,90.1879506260649,0.901296423367096
NLD,"Netherlands",2016,797163949289.885,46808.5291492503,773791690062.259,17030314,558461399908.951,644981374821.013,500797000000,570606000000,150.96552921165,86409292405.6204,2.09,2.48,2.12,2.1,13.4135388267631,12.6429381293972,66.2807625065001,16.5423112446803,9.14899567222457,63.2188083560819,71.0767404489452,90.476005409904,0.903421436257263
NLD,"Netherlands",2017,848233537845.884,49513.6817346384,833529607652.943,17131296,631649933011.766,722521486847.06,574646000000,652065000000,159.646059656847,90757971216.1784,1.96,2.48,2.08,1.84,13.1068656968537,14.0452019416251,65.5253306947092,15.9804584348872,10.2776722948672,64.2889997092393,70.073071774666,90.3977891942152,0.885205508269372
NLD,"Netherlands",2018,929733599796.862,53955.0770024266,925132601026.666,17231624,711271186937.254,809393154293.333,645502000000,726697000000,163.559146573044,98111339374.9176,1.83,2.46,1.98,1.59,12.2346611891896,15.2355738739247,64.8340216155149,14.9742923639769,10.7424825487341,64.6904223550073,70.9603481082844,90.3937769980632,0.846772667108111
NLD,"Netherlands",2019,928903005576.469,53554.9007491475,909212568423.528,17344874,699981663066.666,792548771333.332,635678000000,708596000000,160.676671884999,92575983545.4805,1.84,2.55,2.01,1.64,12.1967779621356,14.2780239557849,66.843982268627,15.1585434653745,10.6520866544886,65.4873395923694,70.1033604127794,90.1978393576513,0.893276257067409
NLD,"Netherlands",2020,932560861701.17,53467.9277413737,905739812670.82,17441500,662040850865.371,757626674438.913,595122000000,674602000000,152.233230409706,95751289971.129,1.48,1.71,1.8,0.83,13.4759648550416,9.52663843192216,70.4477771841123,16.2404114712821,7.458285978711,68.3026706407585,68.7310882638611,90.0922827866499,0.875506396987998
NLD,"Netherlands",2021,1054472123449.6,60141.9880911492,1071390040844.94,17533044,808831153930.22,911591180290.683,757380000000,840032000000,163.154842689698,102683234428.788,1.39,2.24,1.43,1.34,11.9505595367936,12.6863020847454,66.9545932332702,14.5247786748013,9.01362412065194,66.1412554396012,69.1316394526652,90.8144476953286,0.84549413889045
NLD,"Netherlands",2022,1046540797548.64,59123.318556487,1034598172943.58,17700982,917438087562.26,1009321846482.49,896716000000,963492000000,184.107484252682,91947436126.4343,1.33,1.95,1.64,0.84,11.1110507631343,19.1449511966315,59.2089121958994,13.6375033806626,13.6080383440618,58.3554433996161,68.8227004688337,90.9494017042459,0.949623753156941
NLD,"Netherlands",2023,1135475867551,63515.6030780019,1137448101527.47,17877117,880497587437.271,993383113411.782,843567000000,935047000000,165.030429478933,112849305829.958,,,,,11.9865362943404,18.8849531991575,61.9423074601472,15.0452371830763,14.5347760829432,61.2846688728269,69.6098132212571,90.5488844570576,0.924839558470698
NLD,"Netherlands",2024,1213936238063.28,67465.3208126875,1203140575267.97,17993485,867461920494.531,1001469281569.53,816621000000,920540000000,153.956290574682,133826883411.654,,,,,13.2711521928993,16.4476108211872,64.688552539778,16.4140963578601,12.6812336694305,62.7874941001413,,,0.923889546117607
SGP,"Singapore",2015,307998545269.398,55645.6068614606,286982925099.558,5535002,465345116651.21,549421999163.53,297087000000,351587000000,329.471398940262,84076882512.3197,0.07,0.2,0,0.26,3.95444602298831,20.9577337187485,66.8591197815009,2.83193431559398,12.1908650025812,74.2359981647292,58.8077090410177,48.8536415087533,1.374825
SGP,"Singapore",2016,320759207438.623,57204.0340105222,301802690608.927,5607283,441180387768.485,525391771247.573,283339000000,330481000000,301.338866227561,84211361313.8374,0.07,0.21,0,0.28,4.06005348984329,17.485981718323,70.0179826305489,2.88450723086603,11.0718628236027,76.4147834163049,58.5986953425599,51.2957567679102,1.38154636363636
SGP,"Singapore",2017,344795119213.571,61436.1325502558,322447200246.212,5612253,497980411680.576,589508336803.23,327923000000,373446000000,315.401433455385,91527925122.6533,0.07,0.19,0,0.26,3.86436639847653,22.0850498461686,66.9093494892796,2.60924760840291,12.8070800638533,74.0906481838615,59.3156816497582,49.9215775060943,1.380925
SGP,"Singapore",2018,377976367877.038,67032.8225769734,330621748136.55,5638676,559453294010.714,671713291845.894,370881000000,412955000000,325.725809994853,112260025577.502,0.24,0.58,0,0.84,3.62218440864235,23.7169373923929,66.406064863848,3.24999451119718,13.1200446541319,72.9437327371621,59.7288270595135,50.2095525246413,1.34884166666667
SGP,"Singapore",2019,376827390962.044,66068.7003106378,331441885763.966,5703569,555635930735.296,666302583718.308,359266000000,390763000000,324.270088576625,110666625941.515,0.39,1.2,0,2.51,3.69636248365507,20.9664439201267,69.1190117349793,3.52616390057449,12.2634428523157,74.1910860777145,58.664533958656,50.4235692488596,1.36415833333333
SGP,"Singapore",2020,351226533656.292,61772.5036492256,307687959053.214,5685807,526490604765.239,636352158591.969,329830000000,362534000000,331.080556828077,109861580368.306,0.05,0.17,0,0.4,4.11133222749717,14.9368140922446,73.0633889408251,3.43053772212103,8.08880118903498,77.4514550324755,56.1310139350834,53.6968301755528,1.37974166666667
SGP,"Singapore",2021,441110903524.645,80884.8565369236,374479617531.446,5453566,641260365780.587,799113423839.379,406226000000,457357000000,326.53325458764,157853018893.672,0,0.08,0,0,3.91566396251366,18.5422923064331,71.1935766133534,3.15412785193949,10.0411260925957,76.5014297647944,58.0915619030373,51.2268720015034,1.34348333333333
SGP,"Singapore",2022,514252535238.749,91227.6970426492,414650383305.033,5637022,746881154042.274,951421989501.453,475578000000,515802000000,330.246917062891,204540884912.959,0,0.05,0,0,3.66571469910343,22.1348301072055,68.3585139863496,2.86018527017739,12.7477293277122,73.0704685505162,59.1170652485281,50.5039876634721,1.37866666666667
SGP,"Singapore",2023,511181761243.76,86382.5900499252,411955685535.912,5917648,732376279726.863,922325317795.269,423448000000,476252000000,323.7012199919,189949085222.054,,,,,4.0272730280579,20.6710886667694,69.7689788621568,2.87163688367206,12.3816136808707,73.9686966330795,60.2521909855943,49.7851056088753,1.34276666666667
SGP,"Singapore",2024,572877260178.427,94896.5621495988,473625932004.373,6036860,794257214123.585,1000563674149.64,458686000000,505658000000,313.299377202408,206306408561.379,,,,,3.65311168634742,19.0872608524441,70.8769413696853,2.78280702472232,11.1356295723316,74.5333403482399,,,1.33623333333333
THA,"Thailand",2015,401296238228.084,5688.85335397884,380594916735.618,70540795,229553374316.892,271423493717.844,202653000000,214310000000,124.839662152526,41680325907.354,3.52,7.96,2.86,5.72,6.3253278398908,15.1473279905178,69.5869151534663,13.5284862630535,3.93607403286042,75.8397847939352,59.1193808948131,56.1441442993017,34.2477166666667
THA,"Thailand",2016,413366349747.508,5833.57715617098,393948949386.684,70859841,221168950937.551,277248464807.286,194198000000,215388000000,120.57522728913,56051035537.6349,,,,,6.83357247628395,12.553807307087,72.1682254117452,13.4665717636346,2.90326663511656,75.1640041611125,57.2916670189472,56.4992587262562,35.2963833333333
THA,"Thailand",2017,456356813536.764,6413.09182530343,435913240648.276,71160187,247430252336.997,304266013738.262,221519000000,236635000000,120.891427433638,56877036176.0104,,,,,6.34209597236378,13.8184504872407,68.9145552094043,13.5699906674253,3.48826255211954,74.080104842096,58.834916866778,54.6176655634479,33.9398110566858
THA,"Thailand",2018,506754208404.485,7099.77650081458,482264933708.604,71376079,283801450351.972,328569784686.743,248201000000,252957000000,120.841864730984,44922177603.4098,,,,,5.99558842485145,17.1068106280394,66.5331236927636,13.4797909824056,4.22547410116581,74.8607218883247,58.2329697936629,53.3517787858691,32.3102257431458
THA,"Thailand",2019,543976691793.886,7605.69657797759,525071852560.871,71522271,272916501194.971,323768892197.357,236260000000,246269000000,109.689514715166,51047439795.3604,,,,,6.57184807226633,15.5582115743442,69.093129373267,13.8607547496114,3.44094593348334,74.0175050677774,56.1409560700829,55.5504460536887,31.0476057805499
THA,"Thailand",2020,500274927778.532,6983.03412836245,490393697154.054,71641484,231745471360.936,256835239506.721,206156000000,231634000000,97.6624419371158,25057090001.5531,,,,,7.83778966021131,13.322189967967,70.8563730852662,14.4508911519544,2.65541449875509,71.5936458868411,53.2396023810701,58.1495462597078,31.2936732130832
THA,"Thailand",2021,506049783824.94,7055.18760721422,489426728064.368,71727332,297103648539.909,295639913234.139,267343000000,272006000000,117.131472183199,-1378476811.87716,3.15,8.48,2.23,6.03,6.82955384587696,14.8163921255511,68.2429877790074,13.6377222766517,3.58403042035946,74.6015451821836,52.814593169752,54.7252817432034,31.9770934417717
THA,"Thailand",2022,495691837308.033,6910.00995211206,480435265612.99,71735329,334490999348.285,323854472232.244,301030000000,287425000000,132.813458288082,-10500467522.0396,3.67,8.26,3.4,4.59,6.50488999044386,20.1211964486061,63.3555384487938,14.3970355275141,3.88472768383787,72.4829439980367,53.6009702231666,55.3417826898863,35.0613502144776
THA,"Thailand",2023,517013369475.121,7210.54130832685,504271987029.322,71702435,327159708258.581,338714010202.059,288509000000,285074000000,128.792359690165,11333921624.5157,,,,,7.02762772372685,18.4207924251689,66.3766541313486,15.0565120386781,3.86700213725135,72.9714583875857,54.1589132579191,56.8367192239408,34.8021885808364
THA,"Thailand",2024,529385520941.539,7386.63615126055,512489198447.603,71668011,349671347769.102,368836810863.224,305523000000,300740000000,135.724935837766,19312370750.924,,,,,6.58830793138106,16.9016555305963,65.766689591537,14.7199616966765,3.42247697644995,72.1338694193379,,,35.2935380808081
USA,"United States",2015,18295019000000,56849.4697923159,18608138000000,321815121,2794942000000,2270622000000,2315301000000,1502572000000,27.6882139340768,-490773000000,1.69,2.8,1.74,1.51,5.83172132728094,8.66499174677285,78.4228517834401,9.96602627105949,8.0034184342575,63.7146529670619,50.4556865621534,61.0450463650371,1
USA,"United States",2016,18804913000000,57976.628204291,18983369000000,324353340,2738830000000,2235558000000,2250154000000,1451011000000,26.4525977865465,-479461000000,1.65,2.76,1.68,1.54,6.1193049372905,7.25649021798253,79.1625174533301,10.5981891528546,7.57865354567164,63.2604946594473,49.9789405642732,61.0314385616635,1
USA,"United States",2017,19612102000000,60047.7190728307,19837150000000,326608609,2931589000000,2388260000000,2408476000000,1546273000000,27.1253382222874,-516935000000,1.66,3.36,1.57,2.25,6.08834023504952,8.47860299060236,77.9613267593777,10.0991842432711,10.510450824598,61.3709365092424,49.2296677916879,60.4289193585874,1
USA,"United States",2018,20656516000000,62875.6661382728,20883383000000,328529577,3131166000000,2538089000000,2614221000000,1663982000000,27.4453591302618,-577496000000,1.59,3.25,1.58,1.71,5.95676257518906,9.24830831010608,77.3349975295966,9.40119945637513,13.5299938279588,58.9112087207058,49.6274277721348,60.7252425929779,1
USA,"United States",2019,21539982000000,65227.9565911038,21764838000000,330226227,3116681000000,2539391000000,2567445000000,1643161000000,26.2584806245428,-559272000000,13.78,8.7,2.19,80.1,6.18022472683816,8.17781897202692,77.7966864516188,9.32976891748616,14.1993655796366,59.1142323221412,51.6926867133136,61.7480357895318,1
USA,"United States",2020,21375281000000,64465.2971415748,21466292000000,331578104,2782391000000,2163837000000,2406932000000,1424935000000,23.1399437509149,-646043000000,1.52,2.87,1.55,1.38,6.77430095157312,5.40205322460483,78.8160498313531,11.4910564449548,12.7159907896534,60.1797719851552,51.1178020573932,60.9556133805241,1
USA,"United States",2021,23725645000000,71441.2319805947,23838657000000,332100166,3417930000000,2568697000000,2935314000000,1754300000000,25.2327260228331,-837273000000,1.47,2.79,1.57,1.03,6.61168444273988,7.62835925904237,77.1303779668808,11.1491430134237,15.9220948098952,57.5274298542755,50.6289937993143,59.1871840116825,1
USA,"United States",2022,26054614000000,78008.6895811877,26207041000000,333996304,3974319000000,3036430000000,3371751000000,2065157000000,26.9078981557739,-923733000000,1.49,2.72,1.61,1,6.63381888216102,9.56553567648077,76.2678637955372,10.2695349977485,21.4101656084375,53.4684413105369,50.5048494789777,60.145174115002,1
USA,"United States",2023,27811517000000,82586.7847707894,27571322000000,336755052,3859856000000,3073360000000,3168237000000,2018059000000,24.9292981752847,-774217000000,,,,,6.78268948296484,8.41226616291469,77.2241343182597,9.54645463140735,18.6774872527635,56.4597327749381,52.5220040840467,61.0074287563671,1
USA,"United States",2024,29298013000000,86169.6641581917,28993443000000,340003797,4113828000000,3215368000000,3358247000000,2061691000000,25.0160172978284,-903539000000,,,,,6.93248541682915,7.47933820850955,78.367195749918,9.45041427880191,18.3113039630256,55.6527057342541,,,1
VNM,"Viet Nam",2015,239258328381.741,2577.56885340113,227116870128.414,92823254,172245363653.847,174473996313.379,165610000000,162065000000,144.914228195237,2609000000,3.14,6.18,2.7,4.63,8.41699152531486,4.7323217637881,79.5425545863862,12.9561756357317,3.08352977817506,80.6543167624364,52.5536669744786,71.9617481699026,21697.5675
VNM,"Viet Nam",2016,257096001177.982,2735.0604380416,242953110901.302,94000117,183315160786.75,190526869544.715,174804000000,176581000000,145.409507973118,6784000000,2.86,6.4,2.56,4.08,8.73754482079233,4.40457633094147,80.0229733642701,12.8748201478981,2.02635621812933,82.1664527550823,53.5134873548763,71.1783960774954,21935.0008333333
VNM,"Viet Nam",2017,281353605986.903,2956.10992127753,264356106349.992,95176977,222881466764.771,230041803530.193,212919000000,215014000000,160.98008365887,6816000000,2.69,6.51,2.47,3.61,8.01962000384069,5.16322751906425,79.5871353088851,12.1105567409709,2.25277351299626,82.5447702619353,54.4616591254247,66.4497420614099,22370.0866666667
VNM,"Viet Nam",2018,310106478394.659,3222.31003125366,294286042195.288,96237319,248830928922.633,261802606599.096,236862000000,243699000000,164.663936775893,12860129000,4.39,6.65,2.29,8.4,7.92785051617717,6.32799193461633,76.7963090042353,10.6341588117739,1.6139127032886,83.1872098957515,54.3582989933152,66.3100388424159,22602.05
VNM,"Viet Nam",2019,334365270496.667,3440.90025375434,317567408001.614,97173776,265976296626.188,284737397482.992,253393000000,264268000000,164.704215031408,19143247000,1.66,5.68,1.42,2.71,7.53345590140778,6.12713639752046,78.2440511912738,9.41630893438616,1.37705086993892,84.5212859416012,52.7767032786409,68.361213345559,23050.2416666667
VNM,"Viet Nam",2020,346615738537.796,3534.03953482647,331798335389.682,98079191,273355953899.644,292479899128.741,262701000000,282629000000,163.245862814935,20421000000,1.34,5.56,1.05,2.66,7.76048234226552,4.93625810516018,80.1067402170681,8.78179654079432,0.94849894404578,86.431461386713,51.40784101387,68.9278101197766,23208.3683333333
VNM,"Viet Nam",2021,366474752771.009,3704.1935590038,347725576769.191,98935098,340182482326.141,343937314545.796,332455000000,335978000000,186.675832836814,1799000000,1.17,4.22,0.88,2.52,8.32561178499203,4.94519642383979,77.7119197769552,8.15349352920866,0.979644882422729,86.3636592064161,49.0741984382779,68.7423224052955,23159.7825925926
VNM,"Viet Nam",2022,413445230668.578,4147.69777213621,393530727717.776,99680655,370998835148.792,386241068014.827,359148000000,371288000000,183.153619147836,15495000000,1.07,3.71,0.82,2.03,8.50025282921525,7.47833668540548,75.1476248522403,8.17136899699882,1.16704384704007,85.833704760271,48.9370953025481,69.4476221651995,23271.2125
VNM,"Viet Nam",2023,433805036898.465,4322.82572261566,411342036898.466,100352192,339491142718.319,376268017649.38,325776000000,353782000000,164.995585455876,35201000000,,,,,8.79902680198845,7.87575327181325,74.6903863302035,9.36226903673916,0.952923330798285,84.9709673202796,48.0485253953898,66.9349084596,23787.3191666667
VNM,"Viet Nam",2024,476324572783.807,4716.6599379632,460631572783.806,100987686,398774125641.271,429484097216.943,380515000000,404824000000,173.885260216071,32839000000,,,,,,,,,,,,,24164.8858333333
ZAF,"South Africa",2015,346709790458.563,6112.27382485974,338766618711.13,56723537,100591042327.088,96085897668.3633,104651000000,81002000000,56.7266761447156,-4456305640.43506,4.38,6.35,5.37,2.02,6.97820259788148,15.6930175984679,66.3798450525494,10.6741823466393,9.75395048126192,47.64529995251,55.2070098186027,49.1104147422094,12.7589308811644
ZAF,"South Africa",2016,323585509674.481,5651.20585165749,315294078694.387,57259551,89649913398.7817,91109021408.9525,91692000000,76214000000,55.8612575048782,1533892059.15327,4.51,6.48,5.25,2.58,8.35925884365795,13.4909050922564,66.3938595605789,11.1621285328149,9.83410485960525,47.708438095805,55.1550314811301,50.1815234466058,14.7096108855267
ZAF,"South Africa",2017,381448814653.456,6618.33508255701,370872982190.206,57635162,99923782384.0035,104288394992.827,101576000000,88947000000,53.5359318293741,4349083220.0379,4.61,6.67,5.28,2.67,7.87838407329725,14.7325930310396,65.1027888353477,10.896464687171,12.0071561154403,44.0297498303507,55.7374793279761,50.2832495195014,13.3238014244992
ZAF,"South Africa",2018,405260723892.517,6914.1780318076,393942767301.253,58613001,109373822794.536,111434691806.498,113971000000,93970000000,54.4855451276341,1986405030.54345,4.32,6.76,5.32,1.91,7.07452786511397,18.5563603959241,62.2396126851049,11.1095317645991,10.9922042428029,43.4558465114563,54.83964777728,49.9234935829494,13.2339264715833
ZAF,"South Africa",2019,389330032224.269,6533.71121032856,379611880898.869,59587885,103935027605.427,105906059178.622,107539000000,90016000000,53.8979964081406,1938862949.73873,5.37,8.37,5.29,5.68,7.23422341886668,16.8908744466706,63.4479286797739,10.9754562147879,10.050875262098,42.9742326978661,54.6840120744714,49.6153530426594,14.4484270548333
ZAF,"South Africa",2020,337974655408.055,5580.60383075189,332348833104.838,60562381,78355182004.1248,93199600859.2205,84062000000,85834000000,50.7596590804177,15079234261.2037,4.4,7.11,5.03,2.61,8.4019012309167,13.9601687481702,65.7571534023594,11.8465597035344,8.10609432073402,38.3879710523322,52.5768880102619,52.3429785976443,16.4591053903333
ZAF,"South Africa",2021,419986284375.368,6828.75624590017,411963103952.87,61502603,104883607897.811,131000485997.462,113989000000,123572000000,56.1647136277546,26351816045.8633,4.46,7.16,5.06,2.79,7.20423265995072,16.5872059557308,63.6392994847975,9.65735993643473,8.68304384294431,36.0522527481127,53.0565131257097,56.7292962324441,14.7786782139167
ZAF,"South Africa",2022,407596043067.885,6534.24867783397,399131611405.409,62378410,128016518313.047,136705431596.872,136207000000,122901000000,64.94713440234,9009915063.9182,4.66,7.31,5.31,2.4,6.3766274385877,22.8249151743158,60.1568703597517,10.3922243694966,14.3272920099043,37.2933613317767,52.3490714942925,55.3442374108612,16.3558534845
ZAF,"South Africa",2023,381440724491.232,6034.27208964673,376303556657.57,63212384,123686210464.208,126843584296.229,130745000000,110855000000,65.6798759740707,3122509192.58849,,,,,6.32333801823275,21.0331701787206,60.6165466518046,11.6716750751014,10.7279305896972,40.4948203836485,53.3495665583273,50.1301131666624,18.4502441785
ZAF,"South Africa",2024,401144998373.585,6267.186814093,393257786991.279,64007187,119761291334.041,127531645077.343,123470000000,110076000000,61.646770473025,7811501898.59058,,,,,7.1738390562282,19.4234393329532,60.6773576855653,12.190433761255,9.60851603889865,39.1485975095287,,,18.3286575505